pool,variant,check,recomputed,simulate_table,stored,n_exec_recomputed,n_exec_stored
eth_usdc_005,raw,"rolling eps_S median, d=1, k=1",13.322362720385424,13.322362720385424,13.322362720385424,,
eth_wbtc_030,raw,"rolling eps_S median, d=1, k=1",60.85935084935731,60.85935084935731,60.85935084935731,,
eth_wbtc_030,corr24h,"rolling eps_S median, d=1, k=1",71.22216350827858,71.22216350827858,71.22216350827858,,
eth_wsteth_001,raw,"rolling eps_S median, d=1, k=1",0.8710144528022552,0.8710144528022552,0.8710144528022552,,
eth_wsteth_001,corr24h,"rolling eps_S median, d=1, k=1",0.8070525703351781,0.8070525703351781,0.8070525703351781,,
eth_usdc_005,raw,ideal_retained_k1_d0: protection_usd / n_executed,26322.500587360882,,26322.500587360882,7053.0,7053.0
eth_wbtc_030,raw,ideal_retained_k1_d0: protection_usd / n_executed,16245.767714734493,,16245.767714734493,1247.0,1247.0
eth_wbtc_030,corr24h,ideal_retained_k1_d0: protection_usd / n_executed,15101.690779567365,,15101.690779567365,1039.0,1039.0
eth_wsteth_001,raw,ideal_retained_k1_d0: protection_usd / n_executed,7.724752125004676,,7.724752125004676,27.0,27.0
eth_wsteth_001,corr24h,ideal_retained_k1_d0: protection_usd / n_executed,5.090003900301189,,5.090003900301189,32.0,32.0
eth_usdc_005,raw,buffered_1eps_k15_d1: protection_usd / n_executed,19139.24239641777,,19139.24239641777,2204.0,2204.0
eth_wbtc_030,raw,buffered_1eps_k15_d1: protection_usd / n_executed,21687.07795000792,,21687.07795000792,639.0,639.0
eth_wbtc_030,corr24h,buffered_1eps_k15_d1: protection_usd / n_executed,19283.70328648052,,19283.70328648052,531.0,531.0
eth_wsteth_001,raw,buffered_1eps_k15_d1: protection_usd / n_executed,7.903870478556423,,7.903870478556423,27.0,27.0
eth_wsteth_001,corr24h,buffered_1eps_k15_d1: protection_usd / n_executed,5.1791130451406024,,5.1791130451406024,32.0,32.0
eth_usdc_005,raw,swaps without sender/origin after join,0.0,,,,
eth_wbtc_030,raw,swaps without sender/origin after join,0.0,,,,
eth_wbtc_030,corr24h,swaps without sender/origin after join,0.0,,,,
eth_wsteth_001,raw,swaps without sender/origin after join,0.0,,,,
eth_wsteth_001,corr24h,swaps without sender/origin after join,0.0,,,,
