source,setting,pool,variant,method,kappa,n_charged,sum_weighted,mean_of_ratios
e6_sample,delta0,eth_usdc_005,raw,"independent, 2 equal-input CPMM fragments (float, as E6)",e6_K (actual gas price),730,0.9943246344646609,0.4510146569180453
e6_sample,delta0,eth_usdc_005,raw,"independent, 2 equal-input CPMM fragments (integer)",e6_K (actual gas price),730,0.9943246344646609,0.4510146569180453
e6_sample,delta0,eth_usdc_005,raw,2 equal-surplus pieces (integer),e6_K (actual gas price),730,0.9940646120612344,0.41791347582141464
e6_sample,delta0,eth_usdc_005,raw,"independent, 2 equal-input CPMM fragments (float, as E6)",eA_kappa (base fee + tau_hat),730,0.9944585846585855,0.4674187777847242
e6_sample,delta0,eth_usdc_005,raw,"independent, 2 equal-input CPMM fragments (integer)",eA_kappa (base fee + tau_hat),730,0.9944585846585855,0.4674187777847241
e6_sample,delta0,eth_usdc_005,raw,2 equal-surplus pieces (integer),eA_kappa (base fee + tau_hat),730,0.9942048047259762,0.4329237865513524
e6_sample,delta0,eth_usdc_005,raw,optimal l = 2 (piece kappa - 1 unit),eA_kappa (base fee + tau_hat),730,0.9920664638517868,0.41974082832365756
e6_sample,delta0,eth_wbtc_030,raw,"independent, 2 equal-input CPMM fragments (float, as E6)",e6_K (actual gas price),531,0.5942059148970943,0.12723911414515443
e6_sample,delta0,eth_wbtc_030,raw,"independent, 2 equal-input CPMM fragments (integer)",e6_K (actual gas price),531,0.5942059148970943,0.12723911414515443
e6_sample,delta0,eth_wbtc_030,raw,2 equal-surplus pieces (integer),e6_K (actual gas price),531,0.5794236741526915,0.11260964002360253
e6_sample,delta0,eth_wbtc_030,raw,"independent, 2 equal-input CPMM fragments (float, as E6)",eA_kappa (base fee + tau_hat),531,0.6178164331909576,0.13720784725800728
e6_sample,delta0,eth_wbtc_030,raw,"independent, 2 equal-input CPMM fragments (integer)",eA_kappa (base fee + tau_hat),531,0.6178164331909576,0.13720784725800728
e6_sample,delta0,eth_wbtc_030,raw,2 equal-surplus pieces (integer),eA_kappa (base fee + tau_hat),531,0.6062717897214136,0.1211914052609485
e6_sample,delta0,eth_wbtc_030,raw,optimal l = 2 (piece kappa - 1 unit),eA_kappa (base fee + tau_hat),531,0.5972193947176619,0.12030148025599212
e6_sample,delta0,eth_wbtc_030,corr24h,"independent, 2 equal-input CPMM fragments (float, as E6)",e6_K (actual gas price),888,0.609738066658974,0.21141985986980902
e6_sample,delta0,eth_wbtc_030,corr24h,"independent, 2 equal-input CPMM fragments (integer)",e6_K (actual gas price),888,0.609738066658974,0.21141985986980905
e6_sample,delta0,eth_wbtc_030,corr24h,2 equal-surplus pieces (integer),e6_K (actual gas price),888,0.6038678132298061,0.2007914437082897
e6_sample,delta0,eth_wbtc_030,corr24h,"independent, 2 equal-input CPMM fragments (float, as E6)",eA_kappa (base fee + tau_hat),888,0.6217659959369722,0.2221104173086743
e6_sample,delta0,eth_wbtc_030,corr24h,"independent, 2 equal-input CPMM fragments (integer)",eA_kappa (base fee + tau_hat),888,0.6217659959369722,0.2221104173086743
e6_sample,delta0,eth_wbtc_030,corr24h,2 equal-surplus pieces (integer),eA_kappa (base fee + tau_hat),888,0.6171655714860468,0.21289630948792224
e6_sample,delta0,eth_wbtc_030,corr24h,optimal l = 2 (piece kappa - 1 unit),eA_kappa (base fee + tau_hat),888,0.6011518131414898,0.20947822367914434
e2_replay,ideal_retained_k1_d0,eth_usdc_005,raw,2 equal-surplus pieces (integer),run K_hat,7053,0.7757120736268451,0.245043472096257
e2_replay,ideal_retained_k1_d0,eth_usdc_005,raw,optimal l = 2 (piece kappa - 1 unit),run K_hat,7053,0.7498991179746335,0.23801463088011432
e2_replay,ideal_retained_k1_d0,eth_wbtc_030,raw,2 equal-surplus pieces (integer),run K_hat,1247,0.7977668486807914,0.27038049152115
e2_replay,ideal_retained_k1_d0,eth_wbtc_030,raw,optimal l = 2 (piece kappa - 1 unit),run K_hat,1247,0.7658699174745007,0.2616275302560784
e2_replay,ideal_retained_k1_d0,eth_wbtc_030,corr24h,2 equal-surplus pieces (integer),run K_hat,1039,0.7994655970678702,0.2826634427051571
e2_replay,ideal_retained_k1_d0,eth_wbtc_030,corr24h,optimal l = 2 (piece kappa - 1 unit),run K_hat,1039,0.7662934857950258,0.2730063668986169
e2_replay,ideal_retained_k1_d0,eth_wsteth_001,raw,2 equal-surplus pieces (integer),run K_hat,27,0.0,0.0
e2_replay,ideal_retained_k1_d0,eth_wsteth_001,raw,optimal l = 2 (piece kappa - 1 unit),run K_hat,27,0.0,0.0
e2_replay,ideal_retained_k1_d0,eth_wsteth_001,corr24h,2 equal-surplus pieces (integer),run K_hat,32,0.08007249017720394,0.021604847388114606
e2_replay,ideal_retained_k1_d0,eth_wsteth_001,corr24h,optimal l = 2 (piece kappa - 1 unit),run K_hat,32,0.08007249017720529,0.02160484738811503
e2_replay,buffered_1eps_k15_d1,eth_usdc_005,raw,2 equal-surplus pieces (integer),run K_hat,431,0.8794266006189639,0.250554249735542
e2_replay,buffered_1eps_k15_d1,eth_usdc_005,raw,optimal l = 2 (piece kappa - 1 unit),run K_hat,431,0.8416119165740774,0.2397381536568847
e2_replay,buffered_1eps_k15_d1,eth_wbtc_030,raw,2 equal-surplus pieces (integer),run K_hat,108,0.8761524895167483,0.343418814806424
e2_replay,buffered_1eps_k15_d1,eth_wbtc_030,raw,optimal l = 2 (piece kappa - 1 unit),run K_hat,108,0.8338790622946857,0.3290225698951267
e2_replay,buffered_1eps_k15_d1,eth_wbtc_030,corr24h,2 equal-surplus pieces (integer),run K_hat,92,0.8799205452218568,0.30285474972389803
e2_replay,buffered_1eps_k15_d1,eth_wbtc_030,corr24h,optimal l = 2 (piece kappa - 1 unit),run K_hat,92,0.8328092146804843,0.2869637530178538
e2_replay,buffered_1eps_k15_d1,eth_wsteth_001,raw,2 equal-surplus pieces (integer),run K_hat,27,0.0007058948942288547,0.00047330436509058214
e2_replay,buffered_1eps_k15_d1,eth_wsteth_001,raw,optimal l = 2 (piece kappa - 1 unit),run K_hat,27,0.0007058948942291446,0.00047330436509077653
e2_replay,buffered_1eps_k15_d1,eth_wsteth_001,corr24h,2 equal-surplus pieces (integer),run K_hat,32,0.08043815760686497,0.02180629533226531
e2_replay,buffered_1eps_k15_d1,eth_wsteth_001,corr24h,optimal l = 2 (piece kappa - 1 unit),run K_hat,32,0.08043815760686586,0.021806295332265545
