part,rule,setting,pool,variant,scope,l_cap,split,optimum,aggregation,share,n_corrections,n_charged,original_usd,surviving_usd,source,n_splits_evaluated,n_pieces_evaluated,deviation_wei_min,deviation_wei_max,n_splits_nonzero_deviation,l_star_with_gas_max,n_l_star_with_gas_gt1,tx_scope_check_mismatches,l_star_median_charged,l_star_p95_charged,l_star_max_charged,n_cap_binds,transfer_share_cap_binds
1 within one block,ideal,ideal_retained_k1_d0,eth_usdc_005,raw,"block (ScopedHookReference, scope=block)",block capacity (323-324),"any l <= cap: (i) l-1 pieces of kappa-1 unit + remainder, (ii) l equal pieces",split minimising the block total (gas ignored),sum-weighted,1.0,7053,7053,26322.50062270398,26322.50062270398,e2_replay,2300052.0,371631306.0,0.0,0.0,0.0,1.0,0.0,0.0,,,,,
1 within one block,ideal,ideal_retained_k1_d0,eth_usdc_005,raw,"block (ScopedHookReference, scope=block)",block capacity (323-324),"any l <= cap: (i) l-1 pieces of kappa-1 unit + remainder, (ii) l equal pieces",split minimising the block total (gas ignored),mean of per-correction ratios,1.0,7053,7053,26322.50062270398,,e2_replay,2300052.0,371631306.0,0.0,0.0,0.0,1.0,0.0,0.0,,,,,
1 within one block,ideal,ideal_retained_k1_d0,eth_usdc_005,raw,"block (ScopedHookReference, scope=block)",block capacity (323-324),"any l <= cap: (i) l-1 pieces of kappa-1 unit + remainder, (ii) l equal pieces","l* with gas (c_tx per extra tx, settlement per charged piece)",sum-weighted,1.0,7053,7053,26322.50062270398,26322.50062270398,e2_replay,2300052.0,371631306.0,0.0,0.0,0.0,1.0,0.0,0.0,,,,,
1 within one block,ideal,ideal_retained_k1_d0,eth_usdc_005,raw,"block (ScopedHookReference, scope=block)",block capacity (323-324),"any l <= cap: (i) l-1 pieces of kappa-1 unit + remainder, (ii) l equal pieces","l* with gas (c_tx per extra tx, settlement per charged piece)",mean of per-correction ratios,1.0,7053,7053,26322.50062270398,,e2_replay,2300052.0,371631306.0,0.0,0.0,0.0,1.0,0.0,0.0,,,,,
1 within one block,ideal,ideal_retained_k1_d0,eth_wbtc_030,raw,"block (ScopedHookReference, scope=block)",block capacity (323-324),"any l <= cap: (i) l-1 pieces of kappa-1 unit + remainder, (ii) l equal pieces",split minimising the block total (gas ignored),sum-weighted,1.0,1247,1247,16245.767709669657,16245.767709669657,e2_replay,407260.0,65671553.0,0.0,0.0,0.0,1.0,0.0,0.0,,,,,
1 within one block,ideal,ideal_retained_k1_d0,eth_wbtc_030,raw,"block (ScopedHookReference, scope=block)",block capacity (323-324),"any l <= cap: (i) l-1 pieces of kappa-1 unit + remainder, (ii) l equal pieces",split minimising the block total (gas ignored),mean of per-correction ratios,1.0,1247,1247,16245.767709669657,,e2_replay,407260.0,65671553.0,0.0,0.0,0.0,1.0,0.0,0.0,,,,,
1 within one block,ideal,ideal_retained_k1_d0,eth_wbtc_030,raw,"block (ScopedHookReference, scope=block)",block capacity (323-324),"any l <= cap: (i) l-1 pieces of kappa-1 unit + remainder, (ii) l equal pieces","l* with gas (c_tx per extra tx, settlement per charged piece)",sum-weighted,1.0,1247,1247,16245.767709669657,16245.767709669657,e2_replay,407260.0,65671553.0,0.0,0.0,0.0,1.0,0.0,0.0,,,,,
1 within one block,ideal,ideal_retained_k1_d0,eth_wbtc_030,raw,"block (ScopedHookReference, scope=block)",block capacity (323-324),"any l <= cap: (i) l-1 pieces of kappa-1 unit + remainder, (ii) l equal pieces","l* with gas (c_tx per extra tx, settlement per charged piece)",mean of per-correction ratios,1.0,1247,1247,16245.767709669657,,e2_replay,407260.0,65671553.0,0.0,0.0,0.0,1.0,0.0,0.0,,,,,
1 within one block,ideal,ideal_retained_k1_d0,eth_wbtc_030,corr24h,"block (ScopedHookReference, scope=block)",block capacity (323-324),"any l <= cap: (i) l-1 pieces of kappa-1 unit + remainder, (ii) l equal pieces",split minimising the block total (gas ignored),sum-weighted,1.0,1039,1039,15101.690839055256,15101.690839055256,e2_replay,339508.0,54719005.0,0.0,0.0,0.0,1.0,0.0,0.0,,,,,
1 within one block,ideal,ideal_retained_k1_d0,eth_wbtc_030,corr24h,"block (ScopedHookReference, scope=block)",block capacity (323-324),"any l <= cap: (i) l-1 pieces of kappa-1 unit + remainder, (ii) l equal pieces",split minimising the block total (gas ignored),mean of per-correction ratios,1.0,1039,1039,15101.690839055256,,e2_replay,339508.0,54719005.0,0.0,0.0,0.0,1.0,0.0,0.0,,,,,
1 within one block,ideal,ideal_retained_k1_d0,eth_wbtc_030,corr24h,"block (ScopedHookReference, scope=block)",block capacity (323-324),"any l <= cap: (i) l-1 pieces of kappa-1 unit + remainder, (ii) l equal pieces","l* with gas (c_tx per extra tx, settlement per charged piece)",sum-weighted,1.0,1039,1039,15101.690839055256,15101.690839055256,e2_replay,339508.0,54719005.0,0.0,0.0,0.0,1.0,0.0,0.0,,,,,
1 within one block,ideal,ideal_retained_k1_d0,eth_wbtc_030,corr24h,"block (ScopedHookReference, scope=block)",block capacity (323-324),"any l <= cap: (i) l-1 pieces of kappa-1 unit + remainder, (ii) l equal pieces","l* with gas (c_tx per extra tx, settlement per charged piece)",mean of per-correction ratios,1.0,1039,1039,15101.690839055256,,e2_replay,339508.0,54719005.0,0.0,0.0,0.0,1.0,0.0,0.0,,,,,
1 within one block,buffered,buffered_1eps_k15_d1,eth_usdc_005,raw,"block (ScopedHookReference, scope=block)",block capacity (323-324),"any l <= cap: (i) l-1 pieces of kappa-1 unit + remainder, (ii) l equal pieces",split minimising the block total (gas ignored),sum-weighted,1.0,2204,431,19139.242374252062,19139.242374252062,e2_replay,713443.0,116013119.0,0.0,0.0,0.0,1.0,0.0,0.0,,,,,
1 within one block,buffered,buffered_1eps_k15_d1,eth_usdc_005,raw,"block (ScopedHookReference, scope=block)",block capacity (323-324),"any l <= cap: (i) l-1 pieces of kappa-1 unit + remainder, (ii) l equal pieces",split minimising the block total (gas ignored),mean of per-correction ratios,1.0,2204,431,19139.242374252062,,e2_replay,713443.0,116013119.0,0.0,0.0,0.0,1.0,0.0,0.0,,,,,
1 within one block,buffered,buffered_1eps_k15_d1,eth_usdc_005,raw,"block (ScopedHookReference, scope=block)",block capacity (323-324),"any l <= cap: (i) l-1 pieces of kappa-1 unit + remainder, (ii) l equal pieces","l* with gas (c_tx per extra tx, settlement per charged piece)",sum-weighted,1.0,2204,431,19139.242374252062,19139.242374252062,e2_replay,713443.0,116013119.0,0.0,0.0,0.0,1.0,0.0,0.0,,,,,
1 within one block,buffered,buffered_1eps_k15_d1,eth_usdc_005,raw,"block (ScopedHookReference, scope=block)",block capacity (323-324),"any l <= cap: (i) l-1 pieces of kappa-1 unit + remainder, (ii) l equal pieces","l* with gas (c_tx per extra tx, settlement per charged piece)",mean of per-correction ratios,1.0,2204,431,19139.242374252062,,e2_replay,713443.0,116013119.0,0.0,0.0,0.0,1.0,0.0,0.0,,,,,
1 within one block,buffered,buffered_1eps_k15_d1,eth_wbtc_030,raw,"block (ScopedHookReference, scope=block)",block capacity (323-324),"any l <= cap: (i) l-1 pieces of kappa-1 unit + remainder, (ii) l equal pieces",split minimising the block total (gas ignored),sum-weighted,1.0,639,108,21687.07806477719,21687.07806477719,e2_replay,206859.0,33633836.0,0.0,0.0,0.0,1.0,0.0,0.0,,,,,
1 within one block,buffered,buffered_1eps_k15_d1,eth_wbtc_030,raw,"block (ScopedHookReference, scope=block)",block capacity (323-324),"any l <= cap: (i) l-1 pieces of kappa-1 unit + remainder, (ii) l equal pieces",split minimising the block total (gas ignored),mean of per-correction ratios,1.0,639,108,21687.07806477719,,e2_replay,206859.0,33633836.0,0.0,0.0,0.0,1.0,0.0,0.0,,,,,
1 within one block,buffered,buffered_1eps_k15_d1,eth_wbtc_030,raw,"block (ScopedHookReference, scope=block)",block capacity (323-324),"any l <= cap: (i) l-1 pieces of kappa-1 unit + remainder, (ii) l equal pieces","l* with gas (c_tx per extra tx, settlement per charged piece)",sum-weighted,1.0,639,108,21687.07806477719,21687.07806477719,e2_replay,206859.0,33633836.0,0.0,0.0,0.0,1.0,0.0,0.0,,,,,
1 within one block,buffered,buffered_1eps_k15_d1,eth_wbtc_030,raw,"block (ScopedHookReference, scope=block)",block capacity (323-324),"any l <= cap: (i) l-1 pieces of kappa-1 unit + remainder, (ii) l equal pieces","l* with gas (c_tx per extra tx, settlement per charged piece)",mean of per-correction ratios,1.0,639,108,21687.07806477719,,e2_replay,206859.0,33633836.0,0.0,0.0,0.0,1.0,0.0,0.0,,,,,
1 within one block,buffered,buffered_1eps_k15_d1,eth_wbtc_030,corr24h,"block (ScopedHookReference, scope=block)",block capacity (323-324),"any l <= cap: (i) l-1 pieces of kappa-1 unit + remainder, (ii) l equal pieces",split minimising the block total (gas ignored),sum-weighted,1.0,531,92,19283.703293744475,19283.703293744475,e2_replay,171879.0,27949118.0,0.0,0.0,0.0,1.0,0.0,0.0,,,,,
1 within one block,buffered,buffered_1eps_k15_d1,eth_wbtc_030,corr24h,"block (ScopedHookReference, scope=block)",block capacity (323-324),"any l <= cap: (i) l-1 pieces of kappa-1 unit + remainder, (ii) l equal pieces",split minimising the block total (gas ignored),mean of per-correction ratios,1.0,531,92,19283.703293744475,,e2_replay,171879.0,27949118.0,0.0,0.0,0.0,1.0,0.0,0.0,,,,,
1 within one block,buffered,buffered_1eps_k15_d1,eth_wbtc_030,corr24h,"block (ScopedHookReference, scope=block)",block capacity (323-324),"any l <= cap: (i) l-1 pieces of kappa-1 unit + remainder, (ii) l equal pieces","l* with gas (c_tx per extra tx, settlement per charged piece)",sum-weighted,1.0,531,92,19283.703293744475,19283.703293744475,e2_replay,171879.0,27949118.0,0.0,0.0,0.0,1.0,0.0,0.0,,,,,
1 within one block,buffered,buffered_1eps_k15_d1,eth_wbtc_030,corr24h,"block (ScopedHookReference, scope=block)",block capacity (323-324),"any l <= cap: (i) l-1 pieces of kappa-1 unit + remainder, (ii) l equal pieces","l* with gas (c_tx per extra tx, settlement per charged piece)",mean of per-correction ratios,1.0,531,92,19283.703293744475,,e2_replay,171879.0,27949118.0,0.0,0.0,0.0,1.0,0.0,0.0,,,,,
2 cross-block bracket,ideal,ideal_retained_k1_d0,eth_usdc_005,raw,"block, one piece per block, constant reference and kappa",l<=5 blocks,"l-1 pieces of kappa-1 unit + remainder, l <= cap blocks",l* with gas,sum-weighted,0.5033476505083453,7053,7053,26322.50062270398,13249.368843942506,e2_replay,,,,,,,,,2.0,5.0,5.0,824.0,0.6291478144886856
2 cross-block bracket,ideal,ideal_retained_k1_d0,eth_usdc_005,raw,"block, one piece per block, constant reference and kappa",l<=5 blocks,"l-1 pieces of kappa-1 unit + remainder, l <= cap blocks",l* with gas,mean of per-correction ratios,0.12431732675362413,7053,7053,26322.50062270398,,e2_replay,,,,,,,,,2.0,5.0,5.0,824.0,0.6291478144886856
2 cross-block bracket,ideal,ideal_retained_k1_d0,eth_usdc_005,raw,"block, one piece per block, constant reference and kappa",l<=75 blocks,"l-1 pieces of kappa-1 unit + remainder, l <= cap blocks",l* with gas,sum-weighted,0.14744015923186327,7053,7053,26322.50062270398,3880.9936831922946,e2_replay,,,,,,,,,2.0,10.0,75.0,19.0,0.19090217822025182
2 cross-block bracket,ideal,ideal_retained_k1_d0,eth_usdc_005,raw,"block, one piece per block, constant reference and kappa",l<=75 blocks,"l-1 pieces of kappa-1 unit + remainder, l <= cap blocks",l* with gas,mean of per-correction ratios,0.06884074204354708,7053,7053,26322.50062270398,,e2_replay,,,,,,,,,2.0,10.0,75.0,19.0,0.19090217822025182
2 cross-block bracket,ideal,ideal_retained_k1_d0,eth_wbtc_030,raw,"block, one piece per block, constant reference and kappa",l<=5 blocks,"l-1 pieces of kappa-1 unit + remainder, l <= cap blocks",l* with gas,sum-weighted,0.5129413648598458,1247,1247,16245.767709669657,8333.126262193964,e2_replay,,,,,,,,,2.0,5.0,5.0,182.0,0.688948552038768
2 cross-block bracket,ideal,ideal_retained_k1_d0,eth_wbtc_030,raw,"block, one piece per block, constant reference and kappa",l<=5 blocks,"l-1 pieces of kappa-1 unit + remainder, l <= cap blocks",l* with gas,mean of per-correction ratios,0.12385855306724602,1247,1247,16245.767709669657,,e2_replay,,,,,,,,,2.0,5.0,5.0,182.0,0.688948552038768
2 cross-block bracket,ideal,ideal_retained_k1_d0,eth_wbtc_030,raw,"block, one piece per block, constant reference and kappa",l<=75 blocks,"l-1 pieces of kappa-1 unit + remainder, l <= cap blocks",l* with gas,sum-weighted,0.017705608393041698,1247,1247,16245.767709669657,287.64120111173287,e2_replay,,,,,,,,,2.0,14.0,75.0,4.0,0.08052338168507117
2 cross-block bracket,ideal,ideal_retained_k1_d0,eth_wbtc_030,raw,"block, one piece per block, constant reference and kappa",l<=75 blocks,"l-1 pieces of kappa-1 unit + remainder, l <= cap blocks",l* with gas,mean of per-correction ratios,0.041686800823178265,1247,1247,16245.767709669657,,e2_replay,,,,,,,,,2.0,14.0,75.0,4.0,0.08052338168507117
2 cross-block bracket,ideal,ideal_retained_k1_d0,eth_wbtc_030,corr24h,"block, one piece per block, constant reference and kappa",l<=5 blocks,"l-1 pieces of kappa-1 unit + remainder, l <= cap blocks",l* with gas,sum-weighted,0.5187829458463609,1039,1039,15101.690839055256,7834.499660746086,e2_replay,,,,,,,,,2.0,5.0,5.0,165.0,0.6998964397059301
2 cross-block bracket,ideal,ideal_retained_k1_d0,eth_wbtc_030,corr24h,"block, one piece per block, constant reference and kappa",l<=5 blocks,"l-1 pieces of kappa-1 unit + remainder, l <= cap blocks",l* with gas,mean of per-correction ratios,0.13633282232879104,1039,1039,15101.690839055256,,e2_replay,,,,,,,,,2.0,5.0,5.0,165.0,0.6998964397059301
2 cross-block bracket,ideal,ideal_retained_k1_d0,eth_wbtc_030,corr24h,"block, one piece per block, constant reference and kappa",l<=75 blocks,"l-1 pieces of kappa-1 unit + remainder, l <= cap blocks",l* with gas,sum-weighted,0.01752743745571181,1039,1039,15101.690839055256,264.693941657037,e2_replay,,,,,,,,,2.0,14.099999999999909,75.0,3.0,0.06996266081308879
2 cross-block bracket,ideal,ideal_retained_k1_d0,eth_wbtc_030,corr24h,"block, one piece per block, constant reference and kappa",l<=75 blocks,"l-1 pieces of kappa-1 unit + remainder, l <= cap blocks",l* with gas,mean of per-correction ratios,0.04732917403115394,1039,1039,15101.690839055256,,e2_replay,,,,,,,,,2.0,14.099999999999909,75.0,3.0,0.06996266081308879
2 cross-block bracket,ideal,ideal_retained_k1_d0,eth_wsteth_001,raw,"block, one piece per block, constant reference and kappa",l<=5 blocks,"l-1 pieces of kappa-1 unit + remainder, l <= cap blocks",l* with gas,sum-weighted,0.02382532454341628,27,27,7.724752136040479,0.18404472665861255,e2_replay,,,,,,,,,2.0,2.0,2.0,0.0,0.0
2 cross-block bracket,ideal,ideal_retained_k1_d0,eth_wsteth_001,raw,"block, one piece per block, constant reference and kappa",l<=5 blocks,"l-1 pieces of kappa-1 unit + remainder, l <= cap blocks",l* with gas,mean of per-correction ratios,0.1111111111111111,27,27,7.724752136040479,,e2_replay,,,,,,,,,2.0,2.0,2.0,0.0,0.0
2 cross-block bracket,ideal,ideal_retained_k1_d0,eth_wsteth_001,raw,"block, one piece per block, constant reference and kappa",l<=75 blocks,"l-1 pieces of kappa-1 unit + remainder, l <= cap blocks",l* with gas,sum-weighted,0.02382532454341628,27,27,7.724752136040479,0.18404472665861255,e2_replay,,,,,,,,,2.0,2.0,2.0,0.0,0.0
2 cross-block bracket,ideal,ideal_retained_k1_d0,eth_wsteth_001,raw,"block, one piece per block, constant reference and kappa",l<=75 blocks,"l-1 pieces of kappa-1 unit + remainder, l <= cap blocks",l* with gas,mean of per-correction ratios,0.1111111111111111,27,27,7.724752136040479,,e2_replay,,,,,,,,,2.0,2.0,2.0,0.0,0.0
2 cross-block bracket,ideal,ideal_retained_k1_d0,eth_wsteth_001,corr24h,"block, one piece per block, constant reference and kappa",l<=5 blocks,"l-1 pieces of kappa-1 unit + remainder, l <= cap blocks",l* with gas,sum-weighted,0.022837436793681453,32,32,5.090003885910846,0.11624264202408194,e2_replay,,,,,,,,,2.0,2.4499999999999993,3.0,0.0,0.0
2 cross-block bracket,ideal,ideal_retained_k1_d0,eth_wsteth_001,corr24h,"block, one piece per block, constant reference and kappa",l<=5 blocks,"l-1 pieces of kappa-1 unit + remainder, l <= cap blocks",l* with gas,mean of per-correction ratios,0.34400381055042595,32,32,5.090003885910846,,e2_replay,,,,,,,,,2.0,2.4499999999999993,3.0,0.0,0.0
2 cross-block bracket,ideal,ideal_retained_k1_d0,eth_wsteth_001,corr24h,"block, one piece per block, constant reference and kappa",l<=75 blocks,"l-1 pieces of kappa-1 unit + remainder, l <= cap blocks",l* with gas,sum-weighted,0.022837436793681453,32,32,5.090003885910846,0.11624264202408194,e2_replay,,,,,,,,,2.0,2.4499999999999993,3.0,0.0,0.0
2 cross-block bracket,ideal,ideal_retained_k1_d0,eth_wsteth_001,corr24h,"block, one piece per block, constant reference and kappa",l<=75 blocks,"l-1 pieces of kappa-1 unit + remainder, l <= cap blocks",l* with gas,mean of per-correction ratios,0.34400381055042595,32,32,5.090003885910846,,e2_replay,,,,,,,,,2.0,2.4499999999999993,3.0,0.0,0.0
2 cross-block bracket,buffered,buffered_1eps_k15_d1,eth_usdc_005,raw,"block, one piece per block, constant reference and kappa",l<=5 blocks,"l-1 pieces of kappa-1 unit + remainder, l <= cap blocks",l* with gas,sum-weighted,0.6051862158250556,2204,431,19139.242374252062,11582.805666232156,e2_replay,,,,,,,,,2.0,5.0,5.0,70.0,0.7984608631177537
2 cross-block bracket,buffered,buffered_1eps_k15_d1,eth_usdc_005,raw,"block, one piece per block, constant reference and kappa",l<=5 blocks,"l-1 pieces of kappa-1 unit + remainder, l <= cap blocks",l* with gas,mean of per-correction ratios,0.27458664641198927,2204,431,19139.242374252062,,e2_replay,,,,,,,,,2.0,5.0,5.0,70.0,0.7984608631177537
2 cross-block bracket,buffered,buffered_1eps_k15_d1,eth_usdc_005,raw,"block, one piece per block, constant reference and kappa",l<=75 blocks,"l-1 pieces of kappa-1 unit + remainder, l <= cap blocks",l* with gas,sum-weighted,0.06517124228911812,2204,431,19139.242374252062,1247.3282020025376,e2_replay,,,,,,,,,2.0,15.5,75.0,3.0,0.19734838495272194
2 cross-block bracket,buffered,buffered_1eps_k15_d1,eth_usdc_005,raw,"block, one piece per block, constant reference and kappa",l<=75 blocks,"l-1 pieces of kappa-1 unit + remainder, l <= cap blocks",l* with gas,mean of per-correction ratios,0.18091602999528872,2204,431,19139.242374252062,,e2_replay,,,,,,,,,2.0,15.5,75.0,3.0,0.19734838495272194
2 cross-block bracket,buffered,buffered_1eps_k15_d1,eth_wbtc_030,raw,"block, one piece per block, constant reference and kappa",l<=5 blocks,"l-1 pieces of kappa-1 unit + remainder, l <= cap blocks",l* with gas,sum-weighted,0.5773391061355533,639,108,21687.07806477719,12520.798264610428,e2_replay,,,,,,,,,2.0,5.0,5.0,24.0,0.782732547166789
2 cross-block bracket,buffered,buffered_1eps_k15_d1,eth_wbtc_030,raw,"block, one piece per block, constant reference and kappa",l<=5 blocks,"l-1 pieces of kappa-1 unit + remainder, l <= cap blocks",l* with gas,mean of per-correction ratios,0.19357085680233807,639,108,21687.07806477719,,e2_replay,,,,,,,,,2.0,5.0,5.0,24.0,0.782732547166789
2 cross-block bracket,buffered,buffered_1eps_k15_d1,eth_wbtc_030,raw,"block, one piece per block, constant reference and kappa",l<=75 blocks,"l-1 pieces of kappa-1 unit + remainder, l <= cap blocks",l* with gas,sum-weighted,1.9929543237156856e-05,639,108,21687.07806477719,0.4322135599795731,e2_replay,,,,,,,,,2.0,18.299999999999983,47.0,0.0,0.0
2 cross-block bracket,buffered,buffered_1eps_k15_d1,eth_wbtc_030,raw,"block, one piece per block, constant reference and kappa",l<=75 blocks,"l-1 pieces of kappa-1 unit + remainder, l <= cap blocks",l* with gas,mean of per-correction ratios,0.05555555555555555,639,108,21687.07806477719,,e2_replay,,,,,,,,,2.0,18.299999999999983,47.0,0.0,0.0
2 cross-block bracket,buffered,buffered_1eps_k15_d1,eth_wbtc_030,corr24h,"block, one piece per block, constant reference and kappa",l<=5 blocks,"l-1 pieces of kappa-1 unit + remainder, l <= cap blocks",l* with gas,sum-weighted,0.6109552021868121,531,92,19283.703293744475,11781.47884474015,e2_replay,,,,,,,,,2.0,5.0,5.0,21.0,0.8345986882157248
2 cross-block bracket,buffered,buffered_1eps_k15_d1,eth_wbtc_030,corr24h,"block, one piece per block, constant reference and kappa",l<=5 blocks,"l-1 pieces of kappa-1 unit + remainder, l <= cap blocks",l* with gas,mean of per-correction ratios,0.19715524762494988,531,92,19283.703293744475,,e2_replay,,,,,,,,,2.0,5.0,5.0,21.0,0.8345986882157248
2 cross-block bracket,buffered,buffered_1eps_k15_d1,eth_wbtc_030,corr24h,"block, one piece per block, constant reference and kappa",l<=75 blocks,"l-1 pieces of kappa-1 unit + remainder, l <= cap blocks",l* with gas,sum-weighted,1.3965938179592344e-05,531,92,19283.703293744475,0.26931500807403663,e2_replay,,,,,,,,,2.0,20.35000000000001,40.0,0.0,0.0
2 cross-block bracket,buffered,buffered_1eps_k15_d1,eth_wbtc_030,corr24h,"block, one piece per block, constant reference and kappa",l<=75 blocks,"l-1 pieces of kappa-1 unit + remainder, l <= cap blocks",l* with gas,mean of per-correction ratios,0.05434782608695652,531,92,19283.703293744475,,e2_replay,,,,,,,,,2.0,20.35000000000001,40.0,0.0,0.0
2 cross-block bracket,buffered,buffered_1eps_k15_d1,eth_wsteth_001,raw,"block, one piece per block, constant reference and kappa",l<=5 blocks,"l-1 pieces of kappa-1 unit + remainder, l <= cap blocks",l* with gas,sum-weighted,0.015695452254530805,27,27,7.903870426118374,0.124054820899139,e2_replay,,,,,,,,,2.0,2.0,2.0,0.0,0.0
2 cross-block bracket,buffered,buffered_1eps_k15_d1,eth_wsteth_001,raw,"block, one piece per block, constant reference and kappa",l<=5 blocks,"l-1 pieces of kappa-1 unit + remainder, l <= cap blocks",l* with gas,mean of per-correction ratios,0.07454737843916484,27,27,7.903870426118374,,e2_replay,,,,,,,,,2.0,2.0,2.0,0.0,0.0
2 cross-block bracket,buffered,buffered_1eps_k15_d1,eth_wsteth_001,raw,"block, one piece per block, constant reference and kappa",l<=75 blocks,"l-1 pieces of kappa-1 unit + remainder, l <= cap blocks",l* with gas,sum-weighted,0.015695452254530805,27,27,7.903870426118374,0.124054820899139,e2_replay,,,,,,,,,2.0,2.0,2.0,0.0,0.0
2 cross-block bracket,buffered,buffered_1eps_k15_d1,eth_wsteth_001,raw,"block, one piece per block, constant reference and kappa",l<=75 blocks,"l-1 pieces of kappa-1 unit + remainder, l <= cap blocks",l* with gas,mean of per-correction ratios,0.07454737843916484,27,27,7.903870426118374,,e2_replay,,,,,,,,,2.0,2.0,2.0,0.0,0.0
2 cross-block bracket,buffered,buffered_1eps_k15_d1,eth_wsteth_001,corr24h,"block, one piece per block, constant reference and kappa",l<=5 blocks,"l-1 pieces of kappa-1 unit + remainder, l <= cap blocks",l* with gas,sum-weighted,0.03920575688023058,32,32,5.17911299248226,0.20305104483850295,e2_replay,,,,,,,,,2.0,2.4499999999999993,3.0,0.0,0.0
2 cross-block bracket,buffered,buffered_1eps_k15_d1,eth_wsteth_001,corr24h,"block, one piece per block, constant reference and kappa",l<=5 blocks,"l-1 pieces of kappa-1 unit + remainder, l <= cap blocks",l* with gas,mean of per-correction ratios,0.28125,32,32,5.17911299248226,,e2_replay,,,,,,,,,2.0,2.4499999999999993,3.0,0.0,0.0
2 cross-block bracket,buffered,buffered_1eps_k15_d1,eth_wsteth_001,corr24h,"block, one piece per block, constant reference and kappa",l<=75 blocks,"l-1 pieces of kappa-1 unit + remainder, l <= cap blocks",l* with gas,sum-weighted,0.03920575688023058,32,32,5.17911299248226,0.20305104483850295,e2_replay,,,,,,,,,2.0,2.4499999999999993,3.0,0.0,0.0
2 cross-block bracket,buffered,buffered_1eps_k15_d1,eth_wsteth_001,corr24h,"block, one piece per block, constant reference and kappa",l<=75 blocks,"l-1 pieces of kappa-1 unit + remainder, l <= cap blocks",l* with gas,mean of per-correction ratios,0.28125,32,32,5.17911299248226,,e2_replay,,,,,,,,,2.0,2.4499999999999993,3.0,0.0,0.0
