source,setting,pool,variant,n_corrections,n_charged,original_usd,gas_limit_median,gas_limit_min,cap_block_median,cap_block_min,surviving_share_uncapped,surviving_share_l2,l_star_median_uncapped,l_star_p95_uncapped,l_star_max_uncapped,surviving_share_block,strategic_usd_block,l_star_median_block,l_star_p95_block,l_star_max_block,n_cap_binds_block,transfer_share_cap_binds_block,surviving_share_l<=10,strategic_usd_l<=10,l_star_median_l<=10,l_star_p95_l<=10,l_star_max_l<=10,n_cap_binds_l<=10,transfer_share_cap_binds_l<=10,surviving_share_l<=50,strategic_usd_l<=50,l_star_median_l<=50,l_star_p95_l<=50,l_star_max_l<=50,n_cap_binds_l<=50,transfer_share_cap_binds_l<=50
e6_sample,delta0,eth_usdc_005,raw,730,730,106066.24764127131,60000000.0,59824338.0,324.0,323,0.0009184927889587651,0.9920664638517868,3.0,78.64999999999986,48413,0.8604170286445739,91261.20563498221,3.0,78.64999999999986,324,15,0.9117793817321413,0.9694694303270877,102827.98467771511,3.0,10.0,10,132,0.9825252291762212,0.9349193596850173,99163.38832896986,3.0,50.0,50,44,0.9576170806297425
e6_sample,delta_eps_d1,eth_usdc_005,raw,730,147,103637.5928789586,60000000.0,59824338.0,324.0,323,8.024335980188876e-05,0.984941624986981,3.0,52.799999999999955,3531,0.6740295524523526,69854.8003454436,3.0,52.799999999999955,324,5,0.8654443616443819,0.9338473403076697,96781.69046590458,3.0,10.0,10,34,0.9717106101489589,0.848698993190072,87957.12073301474,3.0,50.0,50,8,0.8955696310922422
e6_sample,delta0,eth_wbtc_030,raw,531,531,3352.6247375134462,60000000.0,59882816.0,324.0,323,0.04077650733121284,0.5972193947176619,2.0,4.0,204,0.04077650733121284,136.70832718802257,2.0,4.0,204,0,0.0,0.3492003860469664,1170.7378526103048,2.0,4.0,10,7,0.3793531530687422,0.22788614461413906,764.0167257699292,2.0,4.0,50,2,0.2954248025414469
e6_sample,delta_eps_d1,eth_wbtc_030,raw,531,7,1227.75844948618,60000000.0,59882816.0,324.0,323,0.09019107573799374,0.840948858673556,2.0,17.19999999999999,22,0.09019107573799374,110.73285530556984,2.0,17.19999999999999,22,0,0.0,0.454757360386167,558.3321916801484,2.0,8.799999999999997,10,1,0.6198798255718242,0.09019107573799374,110.73285530556984,2.0,17.19999999999999,22,0,0.0
e6_sample,delta0,eth_wbtc_030,corr24h,888,888,7137.941868995854,60000000.0,59882873.0,324.0,323,0.01712437833571687,0.6011518131414898,2.0,7.0,257,0.01712437833571687,122.232817103039,2.0,7.0,257,0,0.0,0.20016299404912521,1428.7518158468188,2.0,7.0,10,13,0.24711514322598924,0.13318230378525114,950.6475423980692,2.0,7.0,50,2,0.17077379954320712
e6_sample,delta_eps_d1,eth_wbtc_030,corr24h,888,8,1258.9304621018778,60000000.0,59882873.0,324.0,323,0.0,0.8908934569274781,2.0,17.34999999999999,24,0.0,0.0,2.0,17.34999999999999,24,0,0.0,0.4977973465232916,626.6922434916561,2.0,8.249999999999996,10,1,0.8053583339586571,0.0,0.0,2.0,17.34999999999999,24,0,0.0
e2_replay,ideal_retained_k1_d0,eth_usdc_005,raw,7053,7053,26322.50062270398,60000000.0,59824338.0,324.0,323,0.032423850130606266,0.7498991179746335,2.0,10.0,525,0.04299229726465204,1131.664771520278,2.0,10.0,324,2,0.03648626136313161,0.37354808363173436,9832.719664006207,2.0,10.0,10,312,0.472760084194073,0.1831589673208557,4821.202031357043,2.0,10.0,50,35,0.23757966731560942
e2_replay,ideal_retained_k1_d0,eth_wbtc_030,raw,1247,1247,16245.767709669657,60000000.0,59882759.0,324.0,323,0.0024657273231645754,0.7658699174745007,2.0,14.0,99,0.0024657273231645754,40.05763332751726,2.0,14.0,99,0,0.0,0.3479371922231316,5652.506802411675,2.0,10.0,10,92,0.5373354328525974,0.04991697055964216,810.9395084823655,2.0,14.0,50,9,0.1460682143533874
e2_replay,ideal_retained_k1_d0,eth_wbtc_030,corr24h,1039,1039,15101.690839055256,60000000.0,59882645.0,324.0,323,0.003267800363638751,0.7662934857950258,2.0,14.099999999999909,97,0.003267800363638751,49.34931081542476,2.0,14.099999999999909,97,0,0.0,0.34676074303293736,5236.6735364045035,2.0,10.0,10,88,0.5544052757032497,0.04577321605629678,691.252957591474,2.0,14.099999999999909,50,6,0.11707160616069866
e2_replay,ideal_retained_k1_d0,eth_wsteth_001,raw,27,27,7.724752136040479,60000000.0,59999943.0,324.0,324,0.02382532454341628,0.0,2.0,2.0,2,0.02382532454341628,0.18404472665861255,2.0,2.0,2,0,0.0,0.02382532454341628,0.18404472665861255,2.0,2.0,2,0,0.0,0.02382532454341628,0.18404472665861255,2.0,2.0,2,0,0.0
e2_replay,ideal_retained_k1_d0,eth_wsteth_001,corr24h,32,32,5.090003885910846,60000000.0,59941408.0,324.0,323,0.022837436793681453,0.08007249017720529,2.0,2.4499999999999993,3,0.022837436793681453,0.11624264202408194,2.0,2.4499999999999993,3,0,0.0,0.022837436793681453,0.11624264202408194,2.0,2.4499999999999993,3,0,0.0,0.022837436793681453,0.11624264202408194,2.0,2.4499999999999993,3,0,0.0
e2_replay,buffered_1eps_k15_d1,eth_usdc_005,raw,2204,431,19139.242374252062,60000000.0,59824338.0,324.0,323,0.00038955782231833773,0.8416119165740774,2.0,15.5,165,0.00038955782231833773,7.455841580136485,2.0,15.5,165,0,0.0,0.4109349835072198,7864.984249403954,2.0,10.0,10,38,0.6395873020023585,0.11650820783922432,2229.8788284246484,2.0,15.5,50,4,0.23704917685217008
e2_replay,buffered_1eps_k15_d1,eth_wbtc_030,raw,639,108,21687.07806477719,60000000.0,59882816.0,324.0,323,1.992954323715686e-05,0.8338790622946857,2.0,18.299999999999983,47,1.992954323715686e-05,0.4322135599795731,2.0,18.299999999999983,47,0,0.0,0.3597773384659273,7802.51922524833,2.0,10.0,10,15,0.644781827967948,1.992954323715686e-05,0.4322135599795731,2.0,18.299999999999983,47,0,0.0
e2_replay,buffered_1eps_k15_d1,eth_wbtc_030,corr24h,531,92,19283.703293744475,60000000.0,59882816.0,324.0,323,1.3965938179592345e-05,0.8328092146804843,2.0,20.35000000000001,40,1.3965938179592345e-05,0.26931500807403663,2.0,20.35000000000001,40,0,0.0,0.36895113690687786,7114.744254001929,2.0,10.0,10,12,0.6656703097729836,1.3965938179592345e-05,0.26931500807403663,2.0,20.35000000000001,40,0,0.0
e2_replay,buffered_1eps_k15_d1,eth_wsteth_001,raw,27,27,7.903870426118374,60000000.0,59882873.0,324.0,323,0.015695452254530805,0.0007058948942291446,2.0,2.0,2,0.015695452254530805,0.124054820899139,2.0,2.0,2,0,0.0,0.015695452254530805,0.124054820899139,2.0,2.0,2,0,0.0,0.015695452254530805,0.124054820899139,2.0,2.0,2,0,0.0
e2_replay,buffered_1eps_k15_d1,eth_wsteth_001,corr24h,32,32,5.17911299248226,60000000.0,59941351.0,324.0,323,0.03920575688023058,0.08043815760686586,2.0,2.4499999999999993,3,0.03920575688023058,0.20305104483850295,2.0,2.4499999999999993,3,0,0.0,0.03920575688023058,0.20305104483850295,2.0,2.4499999999999993,3,0,0.0,0.03920575688023058,0.20305104483850295,2.0,2.4499999999999993,3,0,0.0
