pool,variant,setting,n_pc_swaps,n_overcharged,n_violation,share_violation,n_estimated_feasible,n_turned_into_violation,share_turned_of_pc,share_turned_of_feasible,n_violation_already_infeasible
eth_usdc_005,raw,delta0,20872,203,202,0.0096780375622844,760,42,0.002012265235722499,0.05526315789473684,160
eth_usdc_005,raw,delta_eps_d1,20872,27,27,0.0012935990801073208,155,6,0.0002874664622460713,0.03870967741935484,21
eth_wbtc_030,raw,delta0,2249,23,21,0.009337483325922631,533,5,0.0022232103156958646,0.009380863039399626,16
eth_wbtc_030,raw,delta_eps_d1,2249,1,1,0.00044464206313917296,7,0,0.0,0.0,1
eth_wbtc_030,corr24h,delta0,2017,17,17,0.00842835894893406,887,6,0.002974714923153198,0.006764374295377677,11
eth_wbtc_030,corr24h,delta_eps_d1,2017,1,1,0.0004957858205255329,9,1,0.0004957858205255329,0.1111111111111111,0
eth_wsteth_001,raw,delta0,3284,12,11,0.0033495736906211937,129,5,0.0015225334957369061,0.03875968992248062,6
eth_wsteth_001,raw,delta_eps_d1,3284,8,8,0.00243605359317905,52,3,0.0009135200974421437,0.057692307692307696,5
eth_wsteth_001,corr24h,delta0,769,5,5,0.006501950585175552,36,2,0.002600780234070221,0.05555555555555555,3
eth_wsteth_001,corr24h,delta_eps_d1,769,2,2,0.002600780234070221,20,1,0.0013003901170351106,0.05,1
