pool,variant,setting,prev_origin,n_pc_swaps,share_preceded_pos,n_overcharged,share_overcharged,overcharge_median_usd_pos,overcharge_p95_usd_pos,overcharge_max_usd,overcharge_median_usd_all,overcharge_p95_usd_all,overcharge_total_usd,share_violation_spec,n_violation_spec,share_violation_total,n_violation_total,n_prop3_violation,max_overcharge_over_bound,n_undercharged,kappa_median_usd
eth_usdc_005,raw,delta0,different,1849,1.0,186,0.10059491617090319,0.4298670919380342,1.3358117320489313,1.7156151595338107,0.0,0.4299174613226,95.75256469639794,0.0897782585181179,166,0.10005408328826393,185,0,1.0,103,1.4108603925441094
eth_usdc_005,raw,delta0,same,90,1.0,17,0.18888888888888888,0.8732933492601149,1.3682441272516666,1.4686593776652082,0.0,1.2596220519630574,13.005193581600443,0.16666666666666666,15,0.18888888888888888,17,0,1.0,1,1.4218197593064117
eth_usdc_005,raw,delta_eps_d1,different,1849,1.0,26,0.014061654948620876,3.0494884978927246,11.023247803069541,11.139285710078324,0.0,0.0,122.58053849028678,0.014061654948620876,26,0.014061654948620876,26,0,0.8050970729477855,33,15.319728028991792
eth_usdc_005,raw,delta_eps_d1,same,90,1.0,1,0.011111111111111112,15.937394815712501,15.937394815712501,15.937394815712501,0.0,0.0,15.937394815712501,0.011111111111111112,1,0.011111111111111112,1,0,0.9694156317767739,1,16.076727988482958
eth_wbtc_030,raw,delta0,different,53,1.0,22,0.41509433962264153,1.4989803591331619,4.309502608640794,4.514733492001511,0.0,4.147236375393622,42.99205143186714,0.33962264150943394,18,0.37735849056603776,20,0,0.9762815024738889,0,4.7310522362801954
eth_wbtc_030,raw,delta0,same,1,1.0,1,1.0,1.7221218466636043,1.7221218466636043,1.7221218466636043,1.7221218466636043,1.7221218466636043,1.7221218466636043,1.0,1,1.0,1,0,0.38461995613181926,0,4.71311956047332
eth_wbtc_030,raw,delta_eps_d1,different,53,1.0,1,0.018867924528301886,19.186177066427035,19.186177066427035,19.186177066427035,0.0,0.0,19.186177066427035,0.018867924528301886,1,0.018867924528301886,1,0,0.434503478116507,0,65.21040784804178
eth_wbtc_030,raw,delta_eps_d1,same,1,1.0,0,0.0,,,0.0,0.0,0.0,0.0,0.0,0,0.0,0,0,0.0,0,45.9692176614229
eth_wbtc_030,corr24h,delta0,different,27,1.0,17,0.6296296296296297,2.1911517649212047,5.672060175267802,5.8845277911912435,0.569966213425369,5.34578602672846,39.295731347399155,0.5185185185185185,14,0.6296296296296297,17,0,1.0,0,4.983974423058347
eth_wbtc_030,corr24h,delta_eps_d1,different,27,1.0,1,0.037037037037037035,42.84143790355784,42.84143790355784,42.84143790355784,0.0,0.0,42.84143790355784,0.037037037037037035,1,0.037037037037037035,1,0,0.7855912003465428,0,68.86890913000532
eth_wsteth_001,raw,delta0,different,93,1.0,11,0.11827956989247312,0.09989008120732959,0.9513194344373477,1.1453901915197642,0.0,0.21130042718367437,3.8252046029587214,0.08602150537634409,8,0.10752688172043011,10,0,1.0,1,0.46963657536386594
eth_wsteth_001,raw,delta0,same,19,1.0,1,0.05263157894736842,0.1923944761630738,0.1923944761630738,0.1923944761630738,0.0,0.01923944761630697,0.1923944761630738,0.05263157894736842,1,0.05263157894736842,1,0,0.43822089084298366,0,0.4733439408636137
eth_wsteth_001,raw,delta_eps_d1,different,93,1.0,8,0.08602150537634409,0.16230158985033655,1.1484383213112295,1.346703514474251,0.0,0.0930944249166197,3.210127386957042,0.053763440860215055,5,0.08602150537634409,8,0,0.5491672033488074,1,1.3451339306704404
eth_wsteth_001,raw,delta_eps_d1,same,19,1.0,0,0.0,,,0.0,0.0,0.0,0.0,0.0,0,0.0,0,0,0.0,0,1.351110062306475
eth_wsteth_001,corr24h,delta0,different,30,1.0,4,0.13333333333333333,0.26562422595513546,0.9814085704469327,1.0835732948453995,0.0,0.27930931657851676,1.6576580147491582,0.06666666666666667,2,0.13333333333333333,4,0,0.6776685032385877,1,0.5007426884498902
eth_wsteth_001,corr24h,delta0,same,10,1.0,1,0.1,0.41845262969662245,0.41845262969662245,0.41845262969662245,0.0,0.2301489463331419,0.41845262969662245,0.1,1,0.1,1,0,0.7052606181512353,0,0.42425251434872346
eth_wsteth_001,corr24h,delta_eps_d1,different,30,1.0,1,0.03333333333333333,1.371750011352155,1.371750011352155,1.371750011352155,0.0,0.0,1.371750011352155,0.0,0,0.03333333333333333,1,0,0.5806414655113767,1,1.274029830288805
eth_wsteth_001,corr24h,delta_eps_d1,same,10,1.0,1,0.1,0.22293897612318203,0.22293897612318203,0.22293897612318203,0.0,0.12261643686774988,0.22293897612318203,0.1,1,0.1,1,0,0.1623708488947938,0,1.219415557206509
