time,supply_apy_percent
3/12/2023 23:00,0.311494427728884
3/12/2023 22:00,0.313138964169791
3/12/2023 20:00,0.32451803758603
3/12/2023 19:00,0.327361382112937
3/12/2023 21:00,0.328287616544573
3/13/2023 0:00,0.331162840833401
3/12/2023 18:00,0.331897014154019
3/13/2023 1:00,0.340901908068641
3/12/2023 17:00,0.34954034565596
3/13/2023 2:00,0.351273717185617
3/12/2023 16:00,0.416755125370397
3/11/2023 20:00,0.435933088948482
3/11/2023 19:00,0.441765913018901
3/11/2023 23:00,0.448438453003143
3/11/2023 18:00,0.449659263239715
3/11/2023 22:00,0.458915644962522
3/12/2023 15:00,0.461138864830999
3/11/2023 21:00,0.463129874591911
3/12/2023 14:00,0.464896144245889
3/12/2023 0:00,0.471301087344072
3/13/2023 3:00,0.47265295817773
3/12/2023 13:00,0.474296637580577
3/12/2023 4:00,0.483058344738467
3/12/2023 3:00,0.487715184604308
3/12/2023 12:00,0.493212484145841
3/12/2023 5:00,0.493638324470115
3/12/2023 1:00,0.495426870121147
3/12/2023 2:00,0.49917705261828
3/13/2023 4:00,0.499611517010687
3/12/2023 6:00,0.508163577905499
3/11/2023 17:00,0.512684545037076
3/12/2023 11:00,0.514890775918582
3/12/2023 7:00,0.517672942687227
3/12/2023 10:00,0.518436581662826
3/13/2023 8:00,0.536577847448642
3/12/2023 8:00,0.538629043550753
3/13/2023 7:00,0.542655421125295
3/12/2023 9:00,0.543768073529314
3/13/2023 10:00,0.548526492671675
3/13/2023 9:00,0.569314406420977
3/13/2023 5:00,0.581610859435081
3/13/2023 11:00,0.584094489766783
3/11/2023 16:00,0.589905719788071
3/13/2023 12:00,0.608615945264858
3/11/2023 15:00,0.613834842270261
3/13/2023 6:00,0.616933487997842
3/13/2023 13:00,0.627753197765125
3/11/2023 14:00,0.649448178828701
3/11/2023 13:00,0.690334684161846
3/13/2023 14:00,0.69424734048032
3/11/2023 12:00,0.72306821915838
3/13/2023 15:00,0.726766480340794
3/11/2023 11:00,0.770740692805951
3/13/2023 17:00,0.781136574099786
3/13/2023 23:00,0.788019598701683
3/13/2023 16:00,0.794088814927431
3/13/2023 18:00,0.795224573597812
3/14/2023 0:00,0.795485313154994
3/14/2023 1:00,0.802266690083314
3/14/2023 2:00,0.804018719406724
3/13/2023 20:00,0.804051557784435
3/13/2023 21:00,0.815908289205561
3/13/2023 22:00,0.824267430279413
3/13/2023 19:00,0.833003070646554
3/14/2023 3:00,0.837417402760024
3/14/2023 9:00,0.848905207150412
3/14/2023 8:00,0.850120388941655
3/14/2023 10:00,0.850827662103112
3/14/2023 7:00,0.867397166413621
3/14/2023 11:00,0.86781821230191
3/14/2023 4:00,0.878184175979612
3/14/2023 6:00,0.883563030532726
3/14/2023 5:00,0.88661060705052
3/14/2023 12:00,0.888491275038185
3/14/2023 16:00,0.894831204708588
3/14/2023 14:00,0.894990834951162
3/14/2023 13:00,0.897273717431073
3/14/2023 17:00,0.899429282984463
3/14/2023 18:00,0.903144003498252
3/14/2023 15:00,0.906644572252934
3/14/2023 19:00,0.93526706781819
3/14/2023 20:00,0.982689346078029
3/14/2023 21:00,0.983481518876059
3/14/2023 22:00,0.996211138816308
3/11/2023 10:00,1.03038978264979
3/14/2023 23:00,1.11020383157141
3/11/2023 9:00,1.21822840761732
3/10/2023 16:00,1.43684880546022
3/10/2023 17:00,1.4567838835507
3/10/2023 18:00,1.46331817242458
3/10/2023 3:00,1.54190282690251
3/10/2023 2:00,1.54566495218696
3/10/2023 15:00,1.5484308417118
3/10/2023 19:00,1.56643845019336
3/10/2023 1:00,1.57294364432782
3/10/2023 4:00,1.57547302967123
3/10/2023 5:00,1.58150120312937
3/10/2023 6:00,1.62418869767846
3/10/2023 7:00,1.62551606253093
3/10/2023 8:00,1.62747927393361
3/9/2023 20:00,1.65140016402946
3/9/2023 19:00,1.65350204929445
3/10/2023 9:00,1.65563237297419
3/9/2023 22:00,1.6570621699414
3/9/2023 21:00,1.65710254678839
3/9/2023 23:00,1.66044873062631
3/10/2023 14:00,1.66090617168506
3/9/2023 18:00,1.66107704454682
3/10/2023 0:00,1.66394413197734
3/10/2023 10:00,1.66484513162035
3/10/2023 13:00,1.66545242744356
3/10/2023 11:00,1.66857427556193
3/10/2023 12:00,1.6700997500142
3/9/2023 17:00,1.67276838444379
3/11/2023 8:00,1.67373250853979
3/11/2023 6:00,1.70105745992039
3/10/2023 20:00,1.73399495196792
3/9/2023 15:00,1.7437557712795
3/8/2023 8:00,1.76318829980902
3/9/2023 13:00,1.77674365209069
3/9/2023 14:00,1.77802816578057
3/10/2023 21:00,1.77909062690688
3/8/2023 4:00,1.78221984361582
3/8/2023 3:00,1.78264434923173
3/9/2023 12:00,1.78293517372966
3/8/2023 5:00,1.78729754231552
3/8/2023 2:00,1.79591928871259
3/9/2023 11:00,1.80032993573597
3/9/2023 10:00,1.80838673450709
3/9/2023 9:00,1.83126944795451
3/11/2023 7:00,1.83130813034752
3/8/2023 15:00,1.83243612018888
3/8/2023 1:00,1.83754985209463
3/8/2023 0:00,1.83861947926393
3/8/2023 14:00,1.84014498590139
3/10/2023 22:00,1.8438256969546
3/8/2023 13:00,1.84577389465767
3/8/2023 12:00,1.84589437542524
3/9/2023 8:00,1.84658818351974
3/9/2023 5:00,1.84822215819621
3/9/2023 6:00,1.85019492920638
3/8/2023 10:00,1.85285574636323
3/9/2023 7:00,1.85306623549828
3/8/2023 16:00,1.85369370995457
3/8/2023 9:00,1.85483868305163
3/9/2023 2:00,1.87421103601349
3/9/2023 3:00,1.87430963725947
3/9/2023 4:00,1.87552393259599
3/8/2023 23:00,1.8868985403675
3/9/2023 1:00,1.88945795699004
3/8/2023 17:00,1.89814741991882
3/8/2023 18:00,1.90128786722092
3/8/2023 19:00,1.90366323257009
3/8/2023 20:00,1.90445970697385
3/8/2023 21:00,1.90449029881754
3/8/2023 22:00,1.90494128466077
3/10/2023 23:00,1.9161949404016
3/8/2023 11:00,1.96272632375675
3/11/2023 5:00,2.09481934175367
3/11/2023 0:00,2.12734589498081
3/11/2023 1:00,2.36136149531668
3/11/2023 4:00,2.69791104613636
3/11/2023 2:00,2.93188708369729
3/11/2023 3:00,3.05141752486576
