date,avg_gas_price_gwei,median_gas_price_gwei,p95_gas_price_gwei,tx_count
2023-04-01,24.741287947213817,21.710157226,33.679442936,1020143
2023-04-02,23.6778998336837,20.243553638,37,981226
2023-04-03,33.288679531885144,25.368438137,64.225027249,1052294
2023-04-04,34.822024601148485,28.896098603,67,1068725
2023-04-05,38.414399966407331,35.095952117,53.5,1123693
2023-04-06,33.043798323356924,29.689262402,46.553234599,1036898
2023-04-07,27.937185695308674,23.498371194,42,1043552
2023-04-08,25.168323208871467,21.322942529,32.502743345,924776
2023-04-09,24.095099019329844,21.250778682,31.182534984,956899
2023-04-10,28.42354204504122,23.515093969,46.821304408,1016480
2023-04-11,33.681093301760541,24.798399749,58,1084502
2023-04-12,26.818315709153076,23.495704466,37.210917153,1021632
2023-04-13,35.563190355144982,31.546004354,51.541348821,1094764
2023-04-14,33.953044053428329,28.829920476,50.330623318,1166392
2023-04-15,27.096530499424706,24.697356657,34.68825721,1056292
2023-04-16,30.469108368099441,25.596555809,50.194759122,854249
2023-04-17,39.511637138450034,32.902472223,59.539490207,1011979
2023-04-18,60.81736636331258,49.346618175,91.360050136,1070108
2023-04-19,81.943647577462741,72.483979271,119.211761277,1085066
2023-04-20,76.5936559415379,61.394521111,122.119291335,1073576
2023-04-21,46.365409544553629,39.823118631,60.714867596,1009840
2023-04-22,43.833129394768669,36.077161477,61.491313143,862010
2023-04-23,48.450624042497559,41.523635986,63.26523259,867666
2023-04-24,51.481567850115646,42.887470697,70,940804
2023-04-25,44.423858599983916,38.10937732,59.440458699,976311
2023-04-26,46.885746251195755,38.876934203,72.532950347,978121
2023-04-27,43.417185594844788,36.722357843,55.2,939262
2023-04-28,43.633561009796978,37.449262004,60.869451827,987649
2023-04-29,41.252060084379288,35.572833259,52.020477797,887098
2023-04-30,50.580093243840906,39.945048607,74.754071239,974972
2023-05-01,77.12631817376213,70.06569853,107,1102060
2023-05-02,95.049603008378654,87.152989704,125,1127805
2023-05-03,83.76226776415163,75.992095197,112.438126326,1117146
2023-05-04,86.486115374578645,78.345954703,118,1110210
2023-05-05,155.84444666988426,142.143124319,247.323521307,1208548
2023-05-06,150.68952389023531,132.140431775,196.496843844,1145565
2023-05-07,125.1925172604477,110.829866067,173.755623027,1101487
2023-05-08,122.49350982274994,101.492839139,179.564159938,1145960
2023-05-09,103.18700446384874,86.203527748,160.199055579,1126707
2023-05-10,108.13461108045364,85.791473587,203.965940799,1086375
2023-05-11,113.38148255755358,94.509658642,159.47985,1099638
2023-05-12,77.852992617979908,65.304807471,117.61436329,1070884
2023-05-13,49.68261524740106,41.695079349,65.86489026,994500
2023-05-14,48.38439606486412,40.58355676,64.362905944,992354
2023-05-15,68.043747934083342,49.912782804,113.827775313,1091921
2023-05-16,64.374908775011761,56.869957176,91.774060226,1072600
2023-05-17,60.5055356936671,52.50913338,89.442559168,1043585
2023-05-18,61.428068426823408,48.223861398,104.334564472,1054402
2023-05-19,53.950566897158986,44.196754989,80.081094116,1073998
2023-05-20,38.588308207275887,33.5590756,52.324746539,1049772
2023-05-21,40.754757081477678,32.022706739,62.698518296,1014742
2023-05-22,54.738006489856062,41.77393299,96.600000001,1075234
2023-05-23,61.474276313009575,52.103787763,96,1113165
2023-05-24,51.263205410891388,39.383892361,80.163025862,1054823
2023-05-25,47.963979652281061,34.878388782,75,1062757
2023-05-26,38.29548304018661,30.950363733,54.924179149,1059510
2023-05-27,30.857611373302181,25.127649403,43.29606,982620
2023-05-28,35.304442784236777,28.571866193,52.357600269,968996
2023-05-29,43.753085047696082,35.716139373,65,1082245
2023-05-30,52.791040031603565,47.699381518,79.598940311,1190789
2023-05-31,45.644667670703669,36.189129731,75.728518601,1098149
2023-06-01,46.42952723928282,39.187068564,71.030052285,1071180
2023-06-02,37.543014336793092,29.850064514,66.375230557,1102996
2023-06-03,29.191407794988653,23.59096026,42.467059061,1003794
2023-06-04,26.538386438987118,21.698156502,40.891387759,962454
2023-06-05,42.76586371959862,27.227451531,94.880642031,1151611
2023-06-06,32.443616525647329,25.202376554,56.148417323,1095144
2023-06-07,28.583680801612246,22.894261424,43.633062576,1071257
2023-06-08,29.881294912510448,23.288929308,49.318204764,1008582
2023-06-09,27.112035037365143,21.448578702,38.348110106,1046976
2023-06-10,29.347417845679811,22.370073469,60.546402916,1204433
2023-06-11,22.461462688089746,18.472530466,35.370730179,1106073
2023-06-12,22.16374328819607,17.339382962,35.661266469,975959
2023-06-13,21.159834803185976,16.55737752,36.644201187,952433
2023-06-14,26.846036953939823,20.377852514,52.031988942,1023424
2023-06-15,23.774015839949488,19.975571156,33.861141191,1110065
2023-06-16,25.512775797274248,18.397792156,53,1146585
2023-06-17,22.782178091419183,16.499235226,44.405486596,984217
2023-06-18,19.25856657036319,15.906595136,25.903570282,1001818
2023-06-19,23.797800157501527,18.023824923,40,1046350
2023-06-20,23.485662782563796,16.954252385,45.823201912,1072045
2023-06-21,25.911901778401802,18.892978934,50.203712419,1091714
2023-06-22,21.751822866875763,16.89620904,33.981233718,1052333
2023-06-23,24.16220944754528,17.418883035,44.505679331,1054976
2023-06-24,19.458952565266511,14.72163,34.504564038,1004563
2023-06-25,16.577140864285777,13.909826036,20.54497017,934895
2023-06-26,18.3562994205707,14.551576609,28.223815291,996984
2023-06-27,23.748973334484088,15.784033322,45,1067370
2023-06-28,25.018334896409758,19.208551842,44.319987094,1094481
2023-06-29,38.654952328972364,29.293020816,75,1064346
2023-06-30,34.621226393909936,28,59.760124943,1129184
2023-07-01,21.910160117532463,17.142102629,37.98444,1015838
2023-07-02,18.910143641262295,15.102247152,26.857093514,925771
2023-07-03,25.568830309661664,19.484110068,43.493966796,1061564
2023-07-04,29.850456504187534,18.428849614,70.960189773,931944
2023-07-05,57.566023935441194,52.835249616,71.153363861,760586
2023-07-06,43.880041029004389,35.220066208,71.770950222,914280
2023-07-07,37.103223627546186,28.569330001,68.134026355,1038341
2023-07-08,23.397412309832426,18.187723233,42.175910104,1014086
2023-07-09,22.277574743798578,16.553070387,39.3836909,954379
2023-07-10,26.739882254786519,19,49.691896464,1057858
2023-07-11,26.455315457129718,19.969687417,45.5572478,1091428
2023-07-12,32.325010850913607,21,78.083657452,1041317
2023-07-13,38.624753221975716,24.224413863,94.110748173,1121269
2023-07-14,28.944487053797538,22.884084351,51.41879392,1110332
2023-07-15,18.217728226971872,14.616592559,24.765679573,950700
2023-07-16,20.792150840147524,16.210413489,29.610648909,946750
2023-07-17,26.924628979621293,21.503754698,42.398342094,1036419
2023-07-18,35.478900204555657,33.262400769,57.937491849,1175963
2023-07-19,31.907187217536638,24.289975548,51.863841301,1093783
2023-07-20,32.009270116357662,25.329239314,54.733763344,1049510
2023-07-21,33.374464370262594,25.424700474,58.488898891,1110882
2023-07-22,23.553563818751321,18.764177791,33.798721259,1004374
2023-07-23,25.073407368286023,17.878189886,44.811415,977305
2023-07-24,38.558174115169045,31.308517172,69.102856526,1036300
2023-07-25,36.003490175222829,29.484090332,57.823174017,990249
2023-07-26,31.655338914408272,26.968446928,49.691797392,1029348
2023-07-27,36.951833603500738,26.774779382,74.310808045,998420
2023-07-28,42.606260991847009,29,108.352016283,1014601
2023-07-29,25.935396507715708,21.685408628,40.640169869,991161
2023-07-30,23.605579597382036,17.747709303,39.110586716,981157
2023-07-31,27.661560031938105,23,51.612921318,1048101
2023-08-01,27.190618466592408,23.18559284,41.600244169,1068108
2023-08-02,29.177145258565144,23.598403127,49.516393939,1042149
2023-08-03,27.012243724813629,19.339596518,50.778408598,1049539
2023-08-04,23.308784539055544,18,40,1075359
2023-08-05,20.081142056306124,15.888769777,34.895312372,1124372
2023-08-06,18.489769137788766,14.619599902,27.375300774,987506
2023-08-07,28.306852038167651,21.801636903,56.135843516,1047336
2023-08-08,28.849880481251649,25.065181867,45.236243222,1098689
2023-08-09,26.008814331001705,20.776074247,46.634250313,1076595
2023-08-10,26.846010827343985,21.867791443,43.2,1037733
2023-08-11,22.81239992249311,18.756136194,34.849899565,1050203
2023-08-12,18.003778078561503,14.613323304,27.639050492,972839
2023-08-13,18.081560274168886,14.161476982,29.720590618,920802
2023-08-14,25.986697420525289,20.601938796,46.512794491,1009971
2023-08-15,30.460246581526519,22.789677773,60.132441864,1056395
2023-08-16,35.785426654776337,28.709264875,74.442662992,1076026
2023-08-17,43.353587426044633,28.01137792,112.413668763,1065879
2023-08-18,29.143247105589591,24.171309705,48.088272906,1081417
2023-08-19,18.048510123746688,15,25,1041484
2023-08-20,19.061660587303642,14.510471584,30.940381806,943440
2023-08-21,27.430425280525231,20.184905205,54.483298224,1010718
2023-08-22,36.042583149825255,25.036411569,89.273445617,1040834
2023-08-23,26.62764651640218,19.899002482,53,1045220
2023-08-24,23.912416712237121,19.379505828,37.502732677,1055235
2023-08-25,27.727821506870189,22.278859651,44.929159231,1025742
2023-08-26,16.163126040946924,13.403732472,22.246848177,990794
2023-08-27,16.164619462304831,13.067569677,23.485645626,907110
2023-08-28,32.091168743503019,25.420657013,58.732415363,995843
2023-08-29,37.967538968329379,24.299833071,89.825678814,1019692
2023-08-30,26.987541192392783,21.353131035,48.995878872,1027316
2023-08-31,26.022197243476015,19.306466288,50.505929628,1010128
2023-09-01,21.945116195295057,15,44.713066497,1006635
2023-09-02,15.38454037828647,12.497113317,22.80939681,1024172
2023-09-03,15.194046509290496,12.433277325,23.017806258,1038128
2023-09-04,19.988471933979334,15.228435056,34.20677632,952440
2023-09-05,21.911470940825051,15.410389916,48.486176814,994049
2023-09-06,23.356596885442066,18.764489698,44.541007481,1058940
2023-09-07,22.790405452534557,16.993427538,48,1017089
2023-09-08,21.677420984919269,13.548107618,45.495775,1014297
2023-09-09,14.213972669136675,11.055591767,19.962934962,929400
2023-09-10,13.221297332837974,10.379738201,18.095045358,866548
2023-09-11,26.62724850606417,15.917652834,59.587242149,1021616
2023-09-12,19.955221719375981,14.709134362,37.7557796,1092958
2023-09-13,23.828252109698632,23.82852,32.649387083,1627860
2023-09-14,22.538728517105451,16.070523704,41.603773694,1071590
2023-09-15,20.741545084808852,14.897703197,44.830981453,1002709
2023-09-16,13.803085155756269,10.476853917,23.835205717,922374
2023-09-17,12.180974955688265,9.70615714,18,879624
2023-09-18,20.745638649236803,13.872393381,39.394944943,979571
2023-09-19,16.487181115073508,12.601137782,29.856821372,1002911
2023-09-20,18.468061245403007,13.535181654,36.807277939,1012663
2023-09-21,38.877485920117614,13.69760997,238.695541873,1131119
2023-09-22,13.017038958380201,10.032315905,21,974991
2023-09-23,10.829844791026076,8.437258577,17,863503
2023-09-24,10.394171996077883,8.256973091,15.647602556,883746
2023-09-25,16.689626817213352,12.182428695,31.053632939,990751
2023-09-26,19.272125610119936,14.62841525,41.540158282,1041222
2023-09-27,15.250870992551167,11.101858728,28.860659135,1056862
2023-09-28,14.8136321568181,10.664950064,29.585395885,1030538
2023-09-29,13.039730061901306,9.475240536,26,1024678
2023-09-30,11.215628850689797,8.657741714,18.431978346,977771
2023-10-01,10.825727079473097,8.146118345,19.2,922694
2023-10-02,22.796713569073329,15.372423842,50.692535126,1016845
2023-10-03,15.047829338845609,10.917282889,30,1002455
2023-10-04,12.740447739922278,9.532550287,23.510578313,983598
2023-10-05,12.190494885529866,8.638993465,22.131938148,955796
2023-10-06,11.118749181894787,8.236238337,19.108353977,993544
2023-10-07,9.2259641568157527,6.770843436,15.498898327,996807
2023-10-08,8.8037963782829927,6.858096515,13.74533313,924403
2023-10-09,11.285593525336749,8.498555684,20.326493391,993579
2023-10-10,10.418480920220114,8.150510119,16.8,1005950
2023-10-11,10.809777558747992,8.285500158,18.380638556,1005828
2023-10-12,11.566035535454242,8.082194097,22.35214207,1004069
2023-10-13,11.614719089186895,7.809575693,24.94113062,1007291
2023-10-14,7.9408535450207927,6.062660216,11.973701084,898577
2023-10-15,8.5999345828275136,6.374098601,13.028070787,921231
2023-10-16,14.850235863498398,10.059859534,32.397627956,1027904
2023-10-17,12.340604841113308,8.967784756,22.661770387,1002389
2023-10-18,12.820216358147988,9.386774039,24.302015264,1010682
2023-10-19,13.178353285284649,9.710280631,23.565227487,997931
2023-10-20,16.980753563670024,13.488551839,30.752457847,1087921
2023-10-21,11.306750981696165,8.56324292,19.283607397,987400
2023-10-22,11.480215760158719,8.633804724,18.630946647,980622
2023-10-23,25.898811752022564,17.386093401,58.465142193,1063574
2023-10-24,31.356942565658876,26.447676746,55.887431273,1098323
2023-10-25,29.650142245079689,21.051757241,61.276528073,1081158
2023-10-26,28.965039599323095,23.280130567,60.626630015,1091779
2023-10-27,22.917952679274986,18.559965785,37.734178048,1034649
2023-10-28,17.658107989919987,14.006823229,28.441015361,991315
2023-10-29,18.114650622866463,14.110826645,31.511627727,1071556
2023-10-30,27.247936475821366,23.674269196,56.58122185,1094713
2023-10-31,29.033154311517269,25.427539672,44.384486526,1089606
2023-11-01,30.502115045102517,24.336121389,56.699007987,1101380
2023-11-02,30.074060483948635,26.427524142,45.913613102,1045341
2023-11-03,26.833119086140325,22.10611579,48.4,1104674
2023-11-04,20.081868286799132,16.727382892,31.2,1013882
2023-11-05,23.092755495109536,20.446569641,34.503637468,1034459
2023-11-06,34.963340750724363,31.362324169,54.769761411,1101645
2023-11-07,31.764118197945283,28,46.841236785,1055975
2023-11-08,36.835194279333678,30.296211135,62.546904582,1066274
2023-11-09,57.102480375009122,42,153.192584209,1125199
2023-11-10,44.566249162544075,39.515967492,62.771836558,1146191
2023-11-11,33.766431270842389,30.665421756,52,1107685
2023-11-12,32.887947140513553,29.654747161,54.156760798,1061494
2023-11-13,54.34249213327864,41.37010615,107.891180698,1088278
2023-11-14,42.769074309505406,35.710777406,68.307844883,1050000
2023-11-15,39.4069152289376,33.983500548,60.501348743,1075386
2023-11-16,39.56267347043056,33.948411724,63.954116068,1093005
2023-11-17,32.579592055741493,27.918687683,51.430626988,1084679
2023-11-18,27.278257634254768,22,49.72,1134614
2023-11-19,24.844635282457713,19.589699502,41.817472116,983460
2023-11-20,45.131791880587926,35.002599152,107.630387793,1151945
2023-11-21,45.641080284439511,38.374769164,78.322835415,1129495
2023-11-22,45.16110809655337,37.641421034,72.050191655,1142003
2023-11-23,37.337252875498613,33.40192479,55.433677709,1123339
2023-11-24,33.263276750295283,30.723859045,51.41420217,1068410
2023-11-25,26.140756115172202,22.804341001,35,985612
2023-11-26,28.528695134520067,25.441389906,41.026485346,989613
2023-11-27,37.580579846194119,33.506125972,57.492776152,1077314
2023-11-28,46.0738583893706,36.177452708,75.637281659,1155016
2023-11-29,42.5393561659315,36.158373455,64,1151825
2023-11-30,51.292428374488075,41.200355398,91.113073214,1119717
2023-12-01,47.9025626923123,38.445633766,95.763308228,1119260
2023-12-02,39.04640886370597,34.596471894,56.648984859,1210135
2023-12-03,37.558175913884781,33.280966267,52.205415609,1030989
2023-12-04,52.284180839617846,47.684308196,75.272609788,1158630
2023-12-05,62.249090971823982,55.170914921,92.236842725,1197166
2023-12-06,61.927988726893325,58.610816639,78.343966757,1126986
2023-12-07,55.535210756988846,47.419947341,88.155076755,1159526
2023-12-08,47.393303835970734,42.726036435,66.124657184,1182465
2023-12-09,38.300260671444946,33.909043753,53.074479587,1120555
2023-12-10,38.086143980378722,27.310188813,63.081872947,1129096
2023-12-11,41.508837912083543,39,68.551531865,1087662
2023-12-12,50.122096804654831,44.552717683,84.673929992,1076667
2023-12-13,53.102099692828794,50.32245313,79.128990154,1081514
2023-12-14,50.490208852512716,46.876613566,62.767800791,1157276
2023-12-15,62.40889733495505,48.3028312,144.340350697,1162222
2023-12-16,56.142820542084785,48.331299377,89.978241875,1056961
2023-12-17,43.035438460816579,36.405266585,63.378751371,1081782
2023-12-18,65.135843878178747,54.52501938,123.364806172,1137970
2023-12-19,59.46186566571221,53.111888786,97.523402946,1153138
2023-12-20,59.904298983583672,57.476948006,89,1246531
2023-12-21,44.677681379116159,39.42417844,68.462362172,1242003
2023-12-22,37.78044225975998,32.710939695,53.830476326,1205712
2023-12-23,25.84152073630721,22.540122257,32.467268863,1121929
2023-12-24,25.761943569783607,21.730043817,37.75615452,1140411
2023-12-25,26.045896236389488,18.332382584,66.79823021,1102694
2023-12-26,22.207584805175983,18.022306074,36.424193218,1116447
2023-12-27,31.475090098275832,27.485396055,57.07667039,1137685
2023-12-28,34.067777487293384,29.185356178,52.441266661,1185508
2023-12-29,28.027641089327236,23.129789824,42.652721678,1110469
2023-12-30,22.897728248550642,16.623370278,55.403423643,1090893
2023-12-31,17.377901165098471,14.411678261,22.225475787,1061956
2024-01-01,14.906085174476424,12,21.368386011,1101465
2024-01-02,22.284590590386639,19.609152488,32.072092846,1128657
2024-01-03,39.988832546284726,27.089063634,105.566460415,1092220
2024-01-04,26.09989322256083,22.47,42.224471986,1116573
2024-01-05,22.821996688111859,18.234963702,36.109540936,1069252
2024-01-06,20.329524155610315,17.32776347,31.436386193,994947
2024-01-07,32.535045831809867,31.376272969,43.829717235,1049831
2024-01-08,27.437921443202338,25.342612645,38.997239934,1073535
2024-01-09,24.802785500614512,19,52.852055048,1078832
2024-01-10,41.561765444139766,32.451923203,77,1247106
2024-01-11,35.400353754163795,29.375218243,63.8,1209246
2024-01-12,27.776006347886998,22.8,48.782774086,1209875
2024-01-13,19.986845328646808,17.687214713,27.375930948,1212202
2024-01-14,38.786781856420966,39.231292299,58.541963004,1961144
2024-01-15,26.164485425524127,22.856101872,35.980139297,1154132
2024-01-16,36.888126667894923,32.670569481,56,1269778
2024-01-17,40.102180616283604,35.705457046,58.663573195,1181029
2024-01-18,37.668315196678719,34.151795641,55.478478165,1204406
2024-01-19,33.271450114434579,27.749495905,56.244153468,1173934
2024-01-20,19.308792980954085,16.673945776,25.763734461,1062400
2024-01-21,16.362395892737691,13.761779818,22.039545805,1119258
2024-01-22,21.817992412617077,16.975428067,42.457547904,1076456
2024-01-23,18.590570686196617,15.501694937,31.990868045,1083406
2024-01-24,15.447411952015415,12.450558986,22.252797769,1080129
2024-01-25,28.883670049789661,25.240273017,51.07511886,1173661
2024-01-26,22.573714572727326,20.231019412,30,1172353
2024-01-27,15.31091812694997,12.958141284,23.932562502,1147736
2024-01-28,14.594281981971422,12.495481274,19.380804573,1128110
2024-01-29,16.805633146437629,14,27.915718194,1115710
2024-01-30,31.884774468958362,25.383443507,61.347608956,1190513
2024-01-31,29.2038024509424,24.508761538,44.125824561,1137621
2024-02-01,31.392970368179331,26.229212832,58.328990702,1127338
2024-02-02,24.500437326933149,21.647665431,33.510136195,1108172
2024-02-03,22.511514075304166,17.26073234,39.436528539,1054604
2024-02-04,18.512427976361298,15.916170968,27.577389382,1049649
2024-02-05,22.341636359974821,17.927081659,40.648930933,1120237
2024-02-06,37.660659816226136,31.070376899,69.755738832,1080846
2024-02-07,43.071499864555868,33.6,85.859437706,1143018
2024-02-08,60.785647336155556,56.346498858,99.752477128,1052168
2024-02-09,71.415240827873987,65.17943185,107.632278833,1075272
2024-02-10,38.670181399245145,34.131319979,56.241434103,1010940
2024-02-11,30.469736561664721,26.071899763,49.050655071,1027275
2024-02-12,43.865510119364068,29.611043562,107.668100397,984284
2024-02-13,34.487521503795755,30.315556545,57.333178742,1102512
2024-02-14,30.055114476241197,25.062238459,51.565557195,1130386
2024-02-15,39.172512560725636,30.006601156,88.338812833,1153897
2024-02-16,30.843412372749995,26.155841042,48.515433351,1179007
2024-02-17,22.606061105662636,19.306832926,32.993166792,1078511
2024-02-18,25.482158308177347,22.248135255,38.798997476,1093072
2024-02-19,37.551815367580915,34.493488699,58.386041585,1146697
2024-02-20,41.425451233506145,37,68.184947688,1149756
2024-02-21,43.659442265374345,37.587217036,70.104722108,1100360
2024-02-22,51.3833263529887,42.678804493,80.724938851,1082822
2024-02-23,44.869526260085543,39.032424825,71.327359909,1159988
2024-02-24,30.785077920884078,27.499072454,43.30984261,1101339
2024-02-25,31.687193252108962,28.379910704,43.380347339,1102202
2024-02-26,44.049515982214487,35.859774799,76.122632883,1187460
2024-02-27,52.078273471234645,47.506818465,73.843892787,1219667
2024-02-28,65.493392699399209,54.918860409,133.939783969,1227000
2024-02-29,74.113151775112669,69.776333679,116.233137553,1236458
2024-03-01,58.406377545771875,53.085721014,81.015433998,1205380
2024-03-02,52.441171233164631,48.479658944,68,1210225
2024-03-03,54.765290988193875,49.110558739,77.646301141,1182830
2024-03-04,86.436145511243765,75.210293216,140.568621109,1267200
2024-03-05,98.68092827601177,82.928677311,174.49173597,1303724
2024-03-06,83.456739428617141,76.556482354,120.220308997,1218992
2024-03-07,74.415996706102646,67.064597584,113.916334452,1228816
2024-03-08,66.047493309956124,58.087043546,100.942560639,1212254
2024-03-09,59.055881980630232,53.343631822,81.035018102,1160185
2024-03-10,63.679788574497742,58.388686585,85.614732191,1157440
2024-03-11,72.310953858135989,66.597980041,112.30110109,1245874
2024-03-12,64.385923989258544,57.731649707,93.631334057,1232719
2024-03-13,64.5694911490013,61.960993165,98.536180713,1277221
2024-03-14,56.888536551135083,52.0073342,76.058682952,1300877
2024-03-15,45.740465011423808,41.833438683,62.272536771,1312102
2024-03-16,37.414230290801896,33.102195036,49.937973542,1275332
2024-03-17,32.275112489071105,28.968972417,41.836668327,1204019
2024-03-18,40.439650375025131,35.254758635,80.179752982,1281387
2024-03-19,44.977949993182115,39.947068349,90.502556255,1377677
2024-03-20,38.891587034853437,35.758202765,52.897952307,1370939
2024-03-21,33.968806911230736,31,43.395266232,1331198
2024-03-22,27.910718439845343,24.512360239,40.55718121,1323924
2024-03-23,21.387739965327881,19,27.588734638,1297609
2024-03-24,21.236141273690343,18.808434489,28.481944806,1230758
2024-03-25,29.623241048776119,24.889391357,48.639932362,1279190
2024-03-26,34.984052996327662,28.624928562,62.412373532,1315082
2024-03-27,39.817196793230451,33.252597285,68.344294119,1272273
2024-03-28,37.8860510292902,33.655960405,60.479754135,1287078
2024-03-29,29.083964022789026,25.825996976,41.712220227,1304561
2024-03-30,25.026990670742418,22,34.40556361,1239605
2024-03-31,23.756563956423776,21.288539017,30.390005164,1245309
2024-04-01,28.461218194358082,22.554377879,48.796080943,1245715
2024-04-02,41.928245504835168,33.402205512,73.319163102,1239577
2024-04-03,35.656715269668538,28.079808675,58.181356204,1211600
2024-04-04,31.5144314647961,23.163788087,60.336351551,1234719
2024-04-05,23.33215809252172,17.9285,43,1242174
2024-04-06,16.084542563863273,13.224980766,23.358689819,1201522
2024-04-07,18.607930808362248,15.284674867,36.609637478,1177838
2024-04-08,27.299946961253145,23.899360276,49.627781938,1221235
2024-04-09,29.806837489702634,24.390894178,50.143711902,1226401
2024-04-10,22.350673267213647,18.263262671,34.685115278,1207941
2024-04-11,22.956079293621777,19.032970437,38.115872589,1213672
2024-04-12,32.165056690188266,20.30632989,95.564603526,1322052
2024-04-13,47.579524113101151,15.589619284,224.031387316,1162426
2024-04-14,14.997630017448095,12.47461599,24.234998077,1133064
2024-04-15,18.448168035721512,14.590685829,32.037289407,1187906
2024-04-16,13.971156075409588,10.866634654,25.014001168,1178451
2024-04-17,24.020828953915984,16.141869078,59.171452245,1245968
2024-04-18,14.827204742737898,12.2063226,24.196754231,1235484
2024-04-19,14.229829051573635,11.249151749,23.924248279,1182165
2024-04-20,9.5625708972734778,8,14,1152540
2024-04-21,9.9134227178998948,7.958196706,13.854485652,1133785
2024-04-22,13.709597368982534,9.970502083,24.590545574,1178253
2024-04-23,15.486230693459031,12.393539182,27.162544756,1199365
2024-04-24,19.320031364311443,12.816951814,35.680744572,1171434
2024-04-25,14.855679502452679,10.765358893,32,1186539
2024-04-26,10.299846723313754,7.658201427,14.232994169,1177416
2024-04-27,8.06010955264037,6.427464138,11.610525596,1103918
2024-04-28,9.3772673849095352,7.334103451,13.963910632,1140939
2024-04-29,11.270493289988366,9.562097477,18.807128619,1224677
2024-04-30,17.410912238217993,11.107690897,61.752523926,1262466
2024-05-01,11.932315948408244,9.683472725,20.802531137,1206626
2024-05-02,10.427611075194909,7.864746093,18.644725195,1223696
2024-05-03,9.8478501872653421,7.113087842,15.621195632,1194608
2024-05-04,7.9272139201672251,6.348452003,10.699613686,1163073
2024-05-05,7.7085248848701822,6.119657601,11.7802454,1145911
2024-05-06,8.3124243402099367,6.651906942,13.902744174,1190232
2024-05-07,8.5875459201567867,6.887101467,13.744247441,1231931
2024-05-08,7.3886103913360337,5.635352686,11.715858221,1159221
2024-05-09,6.8559685715737606,5.116406376,11,1126649
2024-05-10,8.520410038824922,6.226396655,18.737922764,1154535
2024-05-11,6.56396516236251,5.256411554,10,1113685
2024-05-12,5.8243521724550282,4.147165797,10,1055429
2024-05-13,11.148457217656727,6.689310591,25.371187208,1163122
2024-05-14,9.60499184293577,7.491555097,16.509760204,1182521
2024-05-15,10.129042555535538,7.26668073,18.176413189,1197067
2024-05-16,7.4039699404698265,5.669455244,11.807195695,1218766
2024-05-17,8.50247660834947,6.006998493,14.352396699,1112590
2024-05-18,5.3700620565395987,3.887000938,8.248330172,1082308
2024-05-19,5.4678936298559924,3.733707243,8.53298242,1022057
2024-05-20,18.809071595058263,9.485076027,64.358893901,1124081
2024-05-21,17.542154480928641,13.956565054,32.942330431,1198696
2024-05-22,15.76119765525571,10,25,1188672
2024-05-23,15.571613824326629,12.007442905,29.875034283,1156304
2024-05-24,11.463182504249309,8.685013631,18.879127572,1164101
2024-05-25,7.9106743715849879,5.251706482,10.05722971,1157033
2024-05-26,8.1803562852083385,5.813902823,15.05671373,1139013
2024-05-27,18.858871736890521,15.272377826,34.137699417,1159616
2024-05-28,20.145931047470615,16.801533193,33.817832769,1105315
2024-05-29,15.83653694876849,11.5305781,26.609318828,1172771
2024-05-30,16.802668105741184,13.225278547,29.264653548,1149944
2024-05-31,15.368563764330343,10.518825768,31.505689826,1175396
2024-06-01,10.295409534892181,7,20,1119675
2024-06-02,12.324042479825613,9,21,1076974
2024-06-03,16.197031216487353,12.706848812,27.456161422,1152786
2024-06-04,13.295168053720717,10.271954806,22.121092341,1164380
2024-06-05,22.311745438243822,20.486217476,40.140103968,1178477
2024-06-06,23.253144114651818,19.570584028,40.90866221,1154720
2024-06-07,20.070499691069738,13.811641015,41.84826493,1184232
2024-06-08,10.447513187042984,7.605419682,16.716131205,1156305
2024-06-09,9.9545442756638387,6.666203874,20.587870378,1142399
2024-06-10,13.600129962656544,9.578994991,27.567441453,1180168
2024-06-11,17.520373606687848,12.998078559,36.341088657,1177067
2024-06-12,20.14846074736732,16.563749624,40.275510128,1224208
2024-06-13,17.060548398927356,12.78016387,31.082782455,1230853
2024-06-14,12.95482327637289,9.392013368,25.841199294,1184071
2024-06-15,6.9203783920190434,5.025086567,11.111013318,1137118
2024-06-16,6.1948329191163518,4.285890492,10,1123092
2024-06-17,10.338006600983038,6.184336753,24.8439303,1143178
2024-06-18,12.646141325514828,8.681721101,28.528658399,1147395
2024-06-19,10.509101413158248,8.214520545,19.5402961,1127592
2024-06-20,13.090741178024592,9.459894407,27.853227492,1150083
2024-06-21,7.3202555516096437,5.155212404,13.743747285,1263722
2024-06-22,4.2024897464348916,2.90919594,7.104812867,1316624
2024-06-23,4.8639667998359712,3.233782862,9,1095704
2024-06-24,8.6555948836672609,6.35461941,19.095787851,1158931
2024-06-25,8.193988506470415,5.857720181,15.608735587,1193832
2024-06-26,8.76201995370579,5.151635615,18.4,1248199
2024-06-27,10.351681410934892,6.751018294,22.829551759,1173697
2024-06-28,6.9477726524108787,5.044251139,11.72056282,1175815
2024-06-29,3.960854809343104,2.661347293,6.945537922,1142572
2024-06-30,4.9895536914775951,3.5,9,1122964
2024-07-01,8.367422566503544,5.808766,15.894940413,1155552
2024-07-02,7.3351600467604907,5.287543056,13,1135937
2024-07-03,11.582299080216133,7.547858509,28.02882351,1151881
2024-07-04,10.524328091065222,9,19.599539272,1241195
2024-07-05,12.256693968974867,9.236676187,27.057483111,1237133
2024-07-06,4.1486828982931607,2.705688704,7.013860478,1137910
2024-07-07,3.8351467288278038,2.290485607,7,1028463
2024-07-08,6.1167031052921166,4.040784494,12.2,1137702
2024-07-09,6.49942457899358,4.328169746,13.889262207,1151773
2024-07-10,10.483314100939593,6.210607338,23.203662187,1175636
2024-07-11,8.1283666711819418,5.697988139,15.925851218,1191567
2024-07-12,5.41062913256706,3.822268549,9.363128368,1187556
2024-07-13,4.6765552601699873,2.229599451,14.509026383,1144551
2024-07-14,5.5129910480126565,3.634382753,10,1083062
2024-07-15,11.785282100656673,6.570932583,29.327810148,1156258
2024-07-16,11.851543081191254,8.723309483,22.526685323,1199035
2024-07-17,13.639100702331726,10.111364705,27.569781556,1187616
2024-07-18,14.247390227099929,10.550343708,28.456328355,1182695
2024-07-19,9.8371781211263283,7.271584177,16.760454909,1143619
2024-07-20,5.7785497901489951,4,11,1106348
2024-07-21,8.265816063385655,3.978040641,25.706633632,1110007
2024-07-22,9.0318083542751388,6.67483865,15.490070929,1151384
2024-07-23,7.6378125989638264,5.522422725,14.125649082,1153608
2024-07-24,6.9718159057078193,4.635151499,14.436388563,1134655
2024-07-25,7.3449922875849136,4.869957026,13.778841773,1125280
2024-07-26,4.7462413101874459,3.049153711,9.271064677,1138693
2024-07-27,7.2539633645375936,3.181993913,25,1073935
2024-07-28,3.8974181021020398,2.163330131,7.557651691,1041777
2024-07-29,5.0108198477014811,3.293193028,10,1093737
2024-07-30,10.684515755136371,8.169040148,28.132324353,1167025
2024-07-31,10.838315999831254,7.266569892,22.37968539,1166240
2024-08-01,12.067074473879151,8.3661215,23.999999999,1125933
2024-08-02,7.7658050502196225,4.123398605,24.609683549,1087561
2024-08-03,4.1596654776230606,2.390163989,8.958766537,1087774
2024-08-04,7.3676131642375955,2.403209429,27.860545252,1043193
2024-08-05,51.675447365371518,28.863711677,191.034350332,1133164
2024-08-06,7.0166540084726021,4.490900427,14.146515491,1130468
2024-08-07,7.853472697659921,4.079415583,20.439576384,1123175
2024-08-08,9.54401753112133,5.54131509,23.056902676,1097066
2024-08-09,7.171894625495395,4.321241708,15.307689652,1100553
2024-08-10,3.497215639216892,1.927555575,9,1051563
2024-08-11,5.838186085978224,2.047522058,9.934513666,985147
2024-08-12,8.2372015773066352,5.102609134,20,1060624
2024-08-13,5.1856419420019106,2.923786485,10.485350092,1088875
2024-08-14,5.7379553617081216,3.52169678,12.454883958,1278666
2024-08-15,7.0498225214809791,4.498366433,14,1252405
2024-08-16,3.7511912697875478,2.315248462,7.453239052,1111995
2024-08-17,2.9697676473818371,1.528214137,6.25,1003438
2024-08-18,3.128636674262407,1.709667486,6.73395648,1029131
2024-08-19,4.0140731259699134,2.370839505,7.888693074,1042805
2024-08-20,4.1831343147063205,2.126916973,8.188365788,1070613
2024-08-21,5.2868898344510855,2.2,17.160867043,1084041
2024-08-22,3.4728639537415158,1.855663176,6.923845171,1093186
2024-08-23,3.78542279882186,2.081933316,8.309125208,1125193
2024-08-24,2.8637598751962949,1.265186728,6.25,1088203
2024-08-25,2.6474511797870393,1.155243164,6.184690151,973412
2024-08-26,4.0309592954636484,2.509755784,8.938890624,1114163
2024-08-27,4.0085375863253736,2.086982358,9.845420916,1132797
2024-08-28,3.9774862938794531,2.205452563,7.317807227,1149274
2024-08-29,3.8146690637131195,2.140024867,7.443889608,1153728
2024-08-30,3.3529317370588814,1.712261819,8.28475387,1133892
2024-08-31,2.2178985530068789,1.158010786,4.880751086,1012648
2024-09-01,2.3574112113780106,1.144974511,5,1011212
2024-09-02,6.3377198249053048,4.101064539,15,1086384
2024-09-03,4.5862263028742962,2.469496495,10,1129081
2024-09-04,7.3721423453984869,3.708553297,16.23586885,1108873
2024-09-05,7.6977932021668476,4.206140025,20.990867042,1121084
2024-09-06,10.716003869170256,5,33.1483454,1124382
2024-09-07,4.1312743070197433,2.19610366,8.273079392,1115728
2024-09-08,2.8617270012509386,1.535082015,5.922568949,1085480
2024-09-09,7.5781942254180148,4.146923659,18.672669411,1158357
2024-09-10,8.6328458910285057,5.837650804,21.423032872,1166560
2024-09-11,5.4113213076894358,3.381126927,11,1170510
2024-09-12,6.6144540806448164,3.894637924,16.449066622,1168620
2024-09-13,5.7240358131286388,3.241352852,12.975313019,1158069
2024-09-14,3.8988552246769523,2.277100673,6.89507749,1095765
2024-09-15,3.9243476922860432,2.077487342,9.657600591,1086732
2024-09-16,11.76015315116797,7.432217669,24.681960508,1101816
2024-09-17,12.374310175362883,5.935172192,30,1144470
2024-09-18,12.498574775729644,8.811481584,23.203920951,1132760
2024-09-19,20.854605871064937,17.5572754,34.08350557,1178603
2024-09-20,20.278518564189323,15.521493789,43.673015773,1156825
2024-09-21,17.446122954261291,12.078523279,43.390941026,1082726
2024-09-22,14.996005908731641,11.347721664,30.701338467,1063818
2024-09-23,26.50800049773569,23.271987998,45.927652984,1135378
2024-09-24,27.533718846292114,24.123114557,47.044490782,1144263
2024-09-25,26.228093948016493,22.046871367,48.728046363,1151716
2024-09-26,24.870875016763087,19.160930446,42.052732999,1151158
2024-09-27,18.270065483776893,13.987205711,34.768991963,1202550
2024-09-28,9.5301043131526946,7.775072369,15.496912974,1113743
2024-09-29,10.414202133286325,7.968975225,18.433845916,1116620
2024-09-30,14.737841010661317,11.246724634,26.879016058,1195210
2024-10-01,22.450165617822208,17.658859831,50.89601429,1266656
2024-10-02,14.912598609210413,8.186396332,40.455554739,1156600
2024-10-03,10.775795193232819,7.517617564,23.587714516,1161490
2024-10-04,9.2401794210924653,6.391770402,18.226919785,1139613
2024-10-05,8.622349572138198,5.658918529,18.867415609,1099244
2024-10-06,11.856996349710462,7.682488913,27.707652505,1069768
2024-10-07,26.921534460259362,14.785086443,71.666061693,1154423
2024-10-08,37.055653324735921,18.408986472,52.250883119,1156248
2024-10-09,27.454198159211181,19.657179518,59.565303873,1182083
2024-10-10,17.313253381907497,12.219222014,32.523566875,1154738
2024-10-11,23.926852861819849,16.445703043,54.117237954,1227069
2024-10-12,18.014491508400724,10.84990968,52.169787221,1159085
2024-10-13,15.474154148504528,11.547515166,25.172948725,1060369
2024-10-14,24.807943962759946,17.891748493,49.520178548,1173591
2024-10-15,20.847953151789529,16.096101865,39.851415099,1212877
2024-10-16,17.124047412878049,13.706982831,29.426245689,1156834
2024-10-17,22.997540303519592,18.71655153,47.170064658,1247886
2024-10-18,27.003396508937954,23.377249576,50.069663941,1330449
2024-10-19,14.969141623627168,9.707703519,38.753428964,1250641
2024-10-20,11.186653616704605,9.078283985,18.099698674,1177600
2024-10-21,11.426175035560217,8.875386026,17.685167668,1185104
2024-10-22,13.313277417240757,9.339481572,31.628842402,1181372
2024-10-23,14.533212749122455,9.076031999,37.631015736,1137763
2024-10-24,12.644021079758938,10.5,19.58336152,1132267
2024-10-25,10.600484429134495,7.261969908,20.665052079,1143624
2024-10-26,7.8218032638439938,5.784863475,14.128894077,1098532
2024-10-27,7.8637063780853955,6.410617308,11.791693848,965098
2024-10-28,13.019189705970669,11.310578214,22.388849841,1053714
2024-10-29,14.830679382772079,12.304343638,24.452476525,1173025
2024-10-30,16.8773946397439,12.687419296,31.769566596,1106479
2024-10-31,13.038349317729159,9.868914081,22.439841944,1085336
2024-11-01,11.135953997934481,7.785515818,21.801004656,1101047
2024-11-02,7.7078184432080779,5.1,17.265675152,1073738
2024-11-03,7.4164991729191758,5.084524507,13.477937525,1114734
2024-11-04,8.500719273611768,6.174391916,15.039661523,1121115
2024-11-05,9.6842163030169548,6.69039034,19.216687188,1105923
2024-11-06,25.175772946412703,20.499539622,45.049117151,1195439
2024-11-07,20.750104459005851,18.342983491,33.760550574,1223300
2024-11-08,16.928683139595641,14.46348087,27.153150577,1228931
2024-11-09,12.208215584261987,10.556248542,17.011423313,1154408
2024-11-10,20.779683793905807,16.537019407,36.445171127,1211713
2024-11-11,29.962313386722741,20.132889211,53.561126115,1276334
2024-11-12,33.340612010144973,29.522157112,50.845444896,1288787
2024-11-13,51.653811463417938,33.87753045,99.622465585,1270183
2024-11-14,34.612821834692454,31.198771829,44.831698042,1284085
2024-11-15,22.57768044415306,18.761902043,33.69944368,1244665
2024-11-16,15.677183131576079,13.847649117,19.823740674,1241006
2024-11-17,13.121945710675742,10.82657308,16.950215211,1204729
2024-11-18,17.395081909785702,13.152727457,28.425922843,1229167
2024-11-19,18.168529384884287,13.146844152,31.61562588,1222473
2024-11-20,15.569818898948084,12.447145997,24.447828126,1243428
2024-11-21,19.788689829011123,14.822836858,36.455617864,1266953
2024-11-22,15.119706692787355,13.164027472,21.639704152,1301173
2024-11-23,16.147451017444222,12.73138093,26.941933,1277757
2024-11-24,11.388793890754474,9.805038056,15.58053799,1207132
2024-11-25,15.590458925029855,12.812135401,30.139384187,1292463
2024-11-26,13.426702330982994,10.931685311,22.883063063,1265769
2024-11-27,17.284288408236037,14.610809884,31.044909621,1275842
2024-11-28,12.590901697345991,10.302396958,19.739598986,1256719
2024-11-29,12.489713592391215,10.323507284,22.731624877,1279446
2024-11-30,12.053616991478782,10.290987315,17.794612914,1232587
2024-12-01,16.031439335931648,14.005791711,26.156969681,1228535
2024-12-02,30.24177382558571,20.4109132,77.086078801,1341788
2024-12-03,29.529962556966581,23.657660645,55.470675091,1349338
2024-12-04,28.878213625412158,24.016172198,50.070273902,1339995
2024-12-05,25.555541674664639,23.269804061,35.342875079,1344520
2024-12-06,24.242699085869067,20.009050987,45.181823206,1330997
2024-12-07,15.168739620560716,13.997493796,19.350261839,1243988
2024-12-08,12.184030924429363,11.015392719,16.696688395,1224361
2024-12-09,31.744871528833606,28.161126257,68.41911035,1329408
2024-12-10,29.437141789582807,21.128832597,68.955572002,1379827
2024-12-11,21.735605736576961,18,37.34182252,1297795
2024-12-12,23.025355646115727,19.023015036,36.677413572,1350929
2024-12-13,17.093997447297617,14.242816379,29.307609773,1280204
2024-12-14,10.991588535819641,9.761812428,14.481001316,1238981
2024-12-15,10.197447223781987,9.095360775,14.923586578,1199954
2024-12-16,18.852343249181825,14.699722434,34.853287024,1288678
2024-12-17,19.687670211991122,14.470393646,43.629531634,1319728
2024-12-18,20.811104672995739,17.199200737,43.691523576,1288421
2024-12-19,24.265193363359714,16.301512474,66.317319687,1281658
2024-12-20,23.134964257948855,17.740033987,48.202017247,1327871
2024-12-21,10.125865200853934,8.920985732,13.830204812,1257560
2024-12-22,8.1813417108877342,7.045660103,10.833448512,1254501
2024-12-23,12.010775170109461,9.005589437,26.760273067,1306194
2024-12-24,8.7627994922520926,7.214724694,13.705780366,1263508
2024-12-25,6.9345664580997353,5.422951012,14.354358813,1206212
2024-12-26,8.2374843293579243,6.801372011,12.582965144,1208665
2024-12-27,7.7099545262545019,6.28806962,13.366979217,1240371
2024-12-28,5.9913752905295823,5.091316425,8.509641395,1193108
2024-12-29,5.7908996057681481,4.927922756,9.096395745,1199862
2024-12-30,8.43189261151535,6.57058584,15.882212301,1240007
2024-12-31,11.362909495282633,9.054558735,21.697508945,1248109
2025-01-01,19.256054294247267,9.354959987,47.918955232,1040808
2025-01-02,21.08137991984584,14.085728515,59.49906095,1086430
2025-01-03,13.963472216420417,10.564396705,28.527196673,1236060
2025-01-04,11.573476281364346,7.892306189,28.692297183,1161690
2025-01-05,9.45254392510962,8.139651666,13.788115345,1142808
2025-01-06,16.142453864475328,12.223144682,29.846291608,1214663
2025-01-07,12.543379345235834,8.618909132,29.404389757,1212018
2025-01-08,11.154560019325865,7.769820748,27.156788022,1200637
2025-01-09,9.94139684708142,6.927712032,18.892025447,1201934
2025-01-10,8.2859645448428569,6.002965456,16.439806535,1191720
2025-01-11,4.6335239787351883,3.71742176,7.131256749,1120421
2025-01-12,3.9347128533774645,2.989948437,6.25,1097434
2025-01-13,9.9140789647014849,7.295329622,23.895555162,1216397
2025-01-14,8.1949425003221972,6.386301909,15.319439542,1228551
2025-01-15,9.9852823333569809,6.025602638,21.154696594,1235101
2025-01-16,8.6450064052065656,6.966594994,16.816859261,1243708
2025-01-17,10.621789215491633,8.345703311,21.491106591,1244622
2025-01-18,17.613279623545907,13.995634452,34.205663181,1242402
2025-01-19,47.156948086282981,31.211480395,160.036671945,1342035
2025-01-20,39.775021980126922,31.419461524,84.831871156,1389309
2025-01-21,16.383612801631422,14.418609017,25.634375842,1266425
2025-01-22,11.539074349738462,9.583289523,19.251195393,1272295
2025-01-23,12.885022894083908,8.301677411,32.318585169,1272961
2025-01-24,12.696140459362606,10.573707078,22.156942874,1372877
2025-01-25,7.1409813329044667,6.184295765,10.049539778,1401619
2025-01-26,6.5902772761946657,5.143290864,10.416686,1224985
2025-01-27,12.219044893917456,9.405848255,24.642762243,1262797
2025-01-28,7.1963901524261482,5.442478318,13.0611921,1189629
2025-01-29,5.188315316361245,3.819046727,10.786288089,1173714
2025-01-30,4.9928084314180321,3.738953589,9.614546513,1192475
2025-01-31,6.3502594850052327,4,15.666714277,1187266
2025-02-01,4.1495463230978968,3.079594336,7.647797233,1128799
2025-02-02,10.336986420486364,4.577053294,33.656181063,1127284
2025-02-03,33.22375561323534,15.560300078,124.433988956,1244916
2025-02-04,4.780827196840626,3.291228558,8.978115077,1330098
2025-02-05,3.6144916007408883,2.06177795,6.526481595,1209086
2025-02-06,3.7579701209021104,2.043984778,8.347873104,1333804
2025-02-07,3.1444172893478481,1.909154564,6.993777148,1330807
2025-02-08,2.4437216627231932,1.370597267,6.955343505,1203788
2025-02-09,2.6204598956604497,1.346838978,5.820722096,1187055
2025-02-10,2.744020017641843,1.466702146,5.625832471,1356631
2025-02-11,3.5761348625253766,1.992853332,6.25,1325846
2025-02-12,3.5129730446628846,1.87227807,8.732277323,1275635
2025-02-13,3.4696048714123351,1.825400481,6.888983607,1321148
2025-02-14,2.5555119088830192,1.59531669,4.500016277,1349547
2025-02-15,1.8956976552569131,1.194828617,3.268498848,1171706
2025-02-16,1.957794769136938,1.1391563,3.619037507,1129295
2025-02-17,12.652300821504143,3,58.577614941,1358017
2025-02-18,2.9421037853319185,1.771674842,6.046264227,1312465
2025-02-19,2.2704801158698213,1.244520255,4.313782963,1257368
2025-02-20,2.4270714963178945,1.388098573,4.590814906,1323505
2025-02-21,4.218117505180488,1.796173398,12.029627795,1357193
2025-02-22,2.3565669341156905,1.242120009,4.909300423,1185038
2025-02-23,2.1646915046827626,1.165113514,3.929306531,1119166
2025-02-24,3.0221741246894327,1.650441051,6.95375608,1304929
2025-02-25,5.08670491271298,2.90297124,12.216120504,1397681
2025-02-26,3.1456821973315572,1.826820439,7.888190454,1289180
2025-02-27,2.2662068862602087,1.217913637,4.593097038,1302283
2025-02-28,4.4946948450068378,2.350392064,9.489757829,1342176
2025-03-01,2.2602112860488375,1.188688728,4.39831374,1121214
2025-03-02,7.3776217841365241,1.935232312,29.818939457,1142048
2025-03-03,3.4347265005136225,1.820878424,8.533525933,1328012
2025-03-04,4.3415219889088661,2,9,1347191
2025-03-05,2.4573709651667537,1.20690442,4.637449598,1273243
2025-03-06,2.6539033008423338,1.587285935,4.701222922,1339568
2025-03-07,3.0071712946312652,1.457683269,6.0782456,1277137
2025-03-08,2.2937644213802337,1.089962729,4.792539338,1097056
2025-03-09,2.5477688234778273,1.156191026,4.574970793,1123093
2025-03-10,6.3429539422365444,2.491216613,21.918971886,1283100
2025-03-11,4.5824186321737184,1.884625107,10,1311724
2025-03-12,2.73466332893008,1.2,4.726581912,1221476
2025-03-13,2.5479748091193266,1.129196705,4.616292483,1183406
2025-03-14,2.4075530788058934,1.040674161,4.259020755,1165047
2025-03-15,1.9779072587241937,0.947743561,4.058228914,1002601
2025-03-16,2.21195485636348,0.963863192,4.53737254,971166
2025-03-17,2.3912797289317518,1,5.448182002,1139344
2025-03-18,2.2155253766216418,0.937876077,5.219228601,1165679
2025-03-19,2.6912358804717322,1.41341191,5.261039215,1211649
2025-03-20,2.2154713402425164,1.047250704,4.350995334,1210998
2025-03-21,1.8822642168653567,0.9,3.460929989,1117996
2025-03-22,2.0448242206588927,0.639645046,3.408001776,1047954
2025-03-23,1.6416678492065562,0.748991886,3.370051984,979935
2025-03-24,2.0913522713260191,1.147065477,4,1227168
2025-03-25,1.8808607383874294,0.9,3.472304854,1243357
2025-03-26,1.9173146371447725,1.064487242,3.600795339,1306796
2025-03-27,2.2910737853913776,1.010427511,3.574936073,1280595
2025-03-28,2.0308461560739146,1.081916224,3.520126448,1296364
2025-03-29,1.8138696849874034,0.878394689,3.368527747,1128659
2025-03-30,1.7239562373333452,0.829116757,3.345093884,1062800
2025-03-31,2.1802587597941967,1.246866949,3.863955646,1317669
2025-04-01,2.6089616632928188,1.536144343,4.979095238,1300318
2025-04-02,2.5289470372747225,1.481338383,4.787012918,1302159
2025-04-03,2.3612435614952889,1.409342865,5.097799131,1292692
2025-04-04,2.4726496254177532,1.068969989,3.751407517,1256395
2025-04-05,1.6702279884455007,0.85970522,3.431911621,1068681
2025-04-06,5.37635934640354,1.790469001,20.566365615,1113030
2025-04-07,8.05745726802287,3.061438177,30.130720401,1433231
2025-04-08,2.6413441060554579,1.387416374,5.964933346,1428053
2025-04-09,5.3437088949167162,1.796774007,24.888224884,1426415
2025-04-10,4.8277013436378509,1.554545772,18,1329892
2025-04-11,2.7460588602907676,1.516545867,5.297954839,1302595
2025-04-12,2.36934996608733,1.1533,5.043243218,1169101
2025-04-13,2.429622241075144,0.954381861,4,1105874
2025-04-14,3.4037402783636912,1.821460734,9.557964123,1251733
2025-04-15,2.170712592516101,1.177547538,4.177490445,1238535
2025-04-16,2.0253834032377118,0.957870067,3.803345188,1213894
2025-04-17,2.0833656633107482,0.938281603,3.866323087,1164340
2025-04-18,1.8301869919927034,0.84592819,3.398482573,1117701
2025-04-19,1.6073838392232662,0.647124705,3.345442366,1042005
2025-04-20,1.8200588443918784,0.658022979,3.412884194,1010667
2025-04-21,2.0700223427351467,0.989550272,4.099794824,1184491
2025-04-22,4.083496423720244,2.115037762,12.141404484,1292920
2025-04-23,3.1064978622386192,1.92679234,6.359739695,1328925
2025-04-24,4.8157580567064491,2,14.738209387,1245757
2025-04-25,2.8317954145647226,1.778071141,6.15560595,1341665
2025-04-26,1.962794859212295,0.930496843,4.004048597,1206780
2025-04-27,1.688935608935529,0.795125031,3.493371889,1118393
2025-04-28,2.0186522133661646,1.015304382,4.053054352,1277668
2025-04-29,1.897746821257513,1,3.842129327,1288148
2025-04-30,2.0561093765306904,1.0001,5,1296565
2025-05-01,2.2744698232581029,1.326696072,5.822853812,1250968
2025-05-02,1.9220446825284747,0.999870747,4,1264375
2025-05-03,1.6002861726515532,0.77842814,3.428449082,1085909
2025-05-04,1.6103484926765579,0.870776282,4,1263280
2025-05-05,1.6603486801107523,0.832720247,3.41652266,1337825
2025-05-06,2.2341455426168,1.299480936,4.775838642,1278812
2025-05-07,2.8243036166077213,1.62334139,7.927047883,1308305
2025-05-08,10.605956426856446,6.781808789,26.181500816,1452571
2025-05-09,7.027330684358243,4.053974475,22,1437369
2025-05-10,5.7430855219250683,4.39253936,10.844079965,1334495
2025-05-11,6.1032608823169738,4.297113617,12.148404849,1289814
2025-05-12,7.6250941813085173,6.319316668,15.75179826,1383506
2025-05-13,6.2852447398830611,3.954517285,15.194069524,1397764
2025-05-14,3.9600708946326879,2.736829662,8.741127066,1395009
2025-05-15,4.5536212081194583,2.99383153,10.530306265,1422792
2025-05-16,3.5715736611295146,2.396659683,7.789109741,1405697
2025-05-17,1.9861724209934453,1.145088286,4.460351907,1368235
2025-05-18,2.1590488806166555,1.161148848,5.322284421,1238571
2025-05-19,2.8417166598773651,1.874676168,5.694798817,1374666
2025-05-20,2.9981790013529031,2.028,5.669628992,1451264
2025-05-21,4.3314573671638925,2.043740458,13.225704793,1385790
2025-05-22,5.7644666278812835,3.613969132,14.982533313,1392142
2025-05-23,4.2344004809233384,2.384379122,11.453286217,1423961
2025-05-24,1.9284947909510932,0.990147838,5,1240515
2025-05-25,1.9092670161992755,0.946978195,5,1223203
2025-05-26,2.6081815109187207,1.61389656,5.696274979,1359517
2025-05-27,5.7640731373853953,3.405452538,14.898039972,1404749
2025-05-28,4.9711583450703669,3.097291116,12.741605645,1387336
2025-05-29,5.0835416489906233,3.769800242,9.288576595,1400670
2025-05-30,5.3229686761577932,3.177945263,13.712404454,1500885
2025-05-31,2.4848909242226052,1.803586152,5,1522834
2025-06-01,2.5171173831234865,1.660930628,5,1313002
2025-06-02,4.5469478147945637,3.369936257,10.134823804,1417405
2025-06-03,5.3746361229450663,2.955027643,13.587388967,1433678
2025-06-04,4.6845025629993282,3.675662624,10,1399775
2025-06-05,6.289566023619181,3.079041372,19.744295628,1419398
2025-06-06,3.7835080390528013,2.429114256,7.717516478,1387542
2025-06-07,2.1254697840208405,1.392171638,5,1385771
2025-06-08,2.0117487904963451,1.080890176,4.685439718,1361016
2025-06-09,4.9885300488884994,2.993940204,9.61090991,1391388
2025-06-10,5.4673287702057243,3.697784271,11.114336199,1485125
2025-06-11,4.7423412129801825,3.229067576,9.592626459,1450971
2025-06-12,4.6462167337767228,2.655575919,13.076661583,1453409
2025-06-13,3.6922107781779934,2.098226458,10.921094851,1419247
2025-06-14,1.5520756574006633,0.87762541,3.493058545,1325700
2025-06-15,1.6167575138898451,0.829258956,3.794721453,1265510
2025-06-16,3.1553905808097169,2.148879822,6.40191561,1380852
2025-06-17,3.0985944771816327,2,6.843857067,1432126
2025-06-18,2.4258669374165653,1.452826219,5,1415169
2025-06-19,2.9970768735643283,1.840141369,7.750828254,1362756
2025-06-20,3.2405662962965422,1.576431909,8.000000406,1360603
2025-06-21,1.9857548192745416,0.764418992,5.334848622,1307499
2025-06-22,4.3358898163781152,2,15.644316463,1234821
2025-06-23,6.3927090058999871,3.371163026,20.18335742,1361464
2025-06-24,6.312670680799247,4.07744472,18.854577487,1572073
2025-06-25,5.5110415118108325,4.713738692,9.464035938,1750940
2025-06-26,3.3940754564543005,2.569322745,6.494555168,1507750
2025-06-27,2.5580473078343404,1.684165334,5.647216433,1391865
2025-06-28,1.6734637935687313,0.771926774,3.722079972,1299686
2025-06-29,1.6178959789874905,0.798047423,3.354401675,1236650
2025-06-30,3.5285885083143347,2.372627063,8,1427472
2025-07-01,3.0424571481176925,2.254292824,6.203746919,1410929
2025-07-02,2.8682232490324671,2,6.935794215,1428483
2025-07-03,2.4573155152663873,1.783701231,5.124990007,1453269
2025-07-04,2.0864673053689784,1.393677641,4.606866415,1451984
2025-07-05,1.8011707813216731,0.5,3.335369952,1277897
2025-07-06,1.6793063282659833,0.731248046,3.703919921,1230437
2025-07-07,3.2750938130817748,2.216815236,8.063703271,1449589
2025-07-08,2.5929511864097647,1.957194182,5.552066833,1475362
2025-07-09,4.1316970851466577,3.084391391,9.992445532,1463328
2025-07-10,5.7767760320473878,3.690037369,15.45441471,1506901
2025-07-11,5.995168306486474,4.915815016,10.604948447,1512506
2025-07-12,2.0980159386389738,1.438069519,4.522414768,1404234
2025-07-13,2.3435600129247871,1.530905153,5.32749612,1312482
2025-07-14,5.6875432696370058,4.386533887,11.528577588,1478503
2025-07-15,4.2225432308525956,2.809712026,10.253313118,1465254
2025-07-16,7.108732499791774,5.684712021,15.893895881,1488281
2025-07-17,9.0827220583296349,5.357269608,33.613045755,1493699
2025-07-18,7.0768878054722029,5.206914103,9.982781017,1517614
2025-07-19,2.0933022528455774,1.428631973,3.917979884,1408928
2025-07-20,3.1959295527885265,2.210971283,6.855473135,1412561
2025-07-21,3.4025993534922985,2.486419759,6.923287526,1605423
2025-07-22,2.5117240859477277,1.875901076,5,1649941
2025-07-23,2.3446377010305191,1.631066349,5.260940419,1616678
2025-07-24,2.0335936092183267,1.256109515,4.771204045,1645615
2025-07-25,1.630283523045521,0.802468099,3.338721781,1645045
2025-07-26,1.3056948355426659,0.419607033,2.663228494,1432233
2025-07-27,1.2747850069897178,0.437410058,3,1478332
2025-07-28,1.6956436355641453,1,3.782569061,1611473
2025-07-29,2.857980562021079,1.87099106,7.734246332,1713649
2025-07-30,3.4295260978171651,2.772115059,5.542309762,1820997
2025-07-31,3.5048798363450264,2.961038606,6.714767597,1808183
2025-08-01,1.7705138155522915,0.928480057,3.862948895,1758669
2025-08-02,1.2791135136649292,0.486146874,2.608811531,1642346
2025-08-03,1.1703467422860945,0.376220769,2.323080874,1515955
2025-08-04,1.4179931039449112,0.713563375,3.266019649,1728290
2025-08-05,2.0945618770439309,1.140267469,7.362198853,1878031
2025-08-06,1.4028945729833358,0.635914222,3.380088678,1833756
2025-08-07,1.7053102261057123,1.009808016,4.330802301,1766308
2025-08-08,1.8410486191930451,1,4.930399543,1711850
2025-08-09,1.7451258260705742,1,3.301617374,1645152
2025-08-10,1.4549259187670438,0.741061288,3,1670117
2025-08-11,1.9263076158181218,1.172225029,3.960783152,1723347
2025-08-12,2.6918479023372353,2.191952199,5.85468121,1740117
2025-08-13,3.2469764567802617,2.144663885,7.531384299,1798606
2025-08-14,3.249827196115092,1.797110319,9.913675347,1760523
2025-08-15,1.9314073414558763,0.95099449,4.462165186,1719513
2025-08-16,1.1756119138275634,0.384505183,2.340298143,1533046
2025-08-17,1.2229510613943988,0.387027413,2.436487337,1532247
2025-08-18,1.5563728831392616,0.781205262,3.32096506,1706017
2025-08-19,1.7988870482664705,0.959954666,3.418755572,1713301
2025-08-20,1.7916936706302689,0.920663928,5,1696970
2025-08-21,1.7687082866526507,0.729086955,3.239062015,1678588
2025-08-22,3.4634289855716962,1.825924572,10.943606455,1673545
2025-08-23,1.3137578431529886,0.511512452,3.280512161,1615078
2025-08-24,1.5409743331427683,0.692629137,3.420685499,1565111
2025-08-25,1.7154342785315753,0.818212918,4.528705163,1632504
2025-08-26,1.6477271760354633,1.044328304,3.366895541,1599674
2025-08-27,1.9862086656372704,1.272536,4.118561787,1525228
2025-08-28,1.5816956865025382,0.974472267,3.475496821,1629739
2025-08-29,1.5316789126511416,0.720017228,3.68,1715662
2025-08-30,1.0544724255304481,0.319280103,2.255350971,1483406
2025-08-31,1.0174305671599682,0.326639378,2.298961947,1577838
2025-09-01,9.7439845509228054,1.719788129,57.928465318,1692093
2025-09-02,1.3329989406086096,0.653486655,2.975372645,1721464
2025-09-03,1.436243627970347,0.794965016,3.286049734,1646923
2025-09-04,1.5609863282109639,0.985232535,3.305921443,1651304
2025-09-05,1.4033719619101066,0.686183491,3.221729595,1644011
2025-09-06,1.0522868340422677,0.30777987,3,1418127
2025-09-07,0.93564493832408979,0.249507167,2.208287563,1339101
2025-09-08,1.4539221099783388,0.953396461,3.184821596,1633704
2025-09-09,1.3622613944543867,0.671179307,3.207505085,1678636
2025-09-10,1.5239098543250935,0.790456723,4,1687034
2025-09-11,1.1620712572953833,0.626384868,2.671960761,1709635
2025-09-12,1.2945617305555495,0.723517395,2.797168131,1753023
2025-09-13,0.97357480920043293,0.344337571,2.247440428,1637457
2025-09-14,0.92470669997776866,0.289650182,2.188796371,1518453
2025-09-15,2.366629123210124,1.119861612,9,1675545
2025-09-16,1.5187883575195016,1.033539085,3.374039211,1801312
2025-09-17,1.4720857102538729,0.785870636,3.09539751,1687103
2025-09-18,2.7768606129733948,1.306732723,9.21205718,1843631
2025-09-19,1.2487802443513702,0.68413458,3.004562239,1721377
2025-09-20,0.87559133045175275,0.323991159,2.207623932,1589396
2025-09-21,0.85908717234684451,0.23262752,2.143417714,1418164
2025-09-22,1.6319905922404019,0.779750622,3.541669044,1588927
2025-09-23,1.1324953551540262,0.6148,2.697220743,1688051
2025-09-24,1.4185192822677704,0.582957925,2.644595155,1597810
2025-09-25,2.660190347706902,1.390285978,8.112548836,1624004
2025-09-26,1.4159689609090722,0.873492687,3.002605283,1638605
2025-09-27,1.0783671363088687,0.40464999,2.309067817,1427746
2025-09-28,1.0314389258906791,0.321752555,3,1404703
2025-09-29,4.9023959356876894,1.445570866,18.57986367,1703608
2025-09-30,1.5744864037912647,1.054788929,3.274323453,1755868
2025-10-01,1.5384377908534508,1.020714126,3.46033048,1704159
2025-10-02,1.4892936153804301,0.968402849,3.189027599,1788467
2025-10-03,1.343145280642263,0.720890615,3.441811586,1634980
2025-10-04,0.87892794596357049,0.233610198,2.135151988,1390296
2025-10-05,1.0085296643272492,0.246263673,2.164402837,1387207
2025-10-06,1.816202033893682,1.123802538,4.799520858,1576776
2025-10-07,1.7348958359873177,1.0001,4.869383,1595109
2025-10-08,1.1809119967986452,0.617276238,2.624049311,1616085
2025-10-09,1.4369543582985236,0.816179829,3.176043843,1594069
2025-10-10,18.202669950995215,1.335312313,105,1626874
2025-10-11,4.0976608235301937,1.688754679,14.37618494,1647316
2025-10-12,1.6715459661437893,0.697203756,4.967320677,1480041
2025-10-13,1.4947011145695874,0.840905169,3.27677748,1580074
2025-10-14,1.662172109756999,1,3.634027159,1571829
2025-10-15,1.4553717615835287,0.921121847,3.294987229,1634250
2025-10-16,1.6633175768132771,0.763924325,5.116256751,1569376
2025-10-17,2.959400371081006,1.70504067,7.222403913,1649015
2025-10-18,0.93344106930153048,0.25285123,2.281839723,1357463
2025-10-19,0.99522290294959082,0.223705334,2.155489165,1276777
2025-10-20,1.0419182386251065,0.282724171,2.504538275,1454607
2025-10-21,1.2672984773490796,0.462885567,3.181271776,1561160
2025-10-22,1.1550388283545099,0.378531115,2.672240667,1545336
2025-10-23,1.0308956488831316,0.274152748,2.446215125,1571959
2025-10-24,1.118361019993166,0.311763466,3.05681277,1567092
2025-10-25,0.89605294632882659,0.166122178,2.13,1310607
2025-10-26,0.94445783569703967,0.194757583,2.21131212,1268621
2025-10-27,1.7122615676660198,0.625817322,6.003666762,1592425
2025-10-28,1.0883784345658096,0.361050567,2.592682678,1644088
2025-10-29,1.2583236217307421,0.58240822,3.100488722,1562100
2025-10-30,1.5645025339304466,0.860055029,3.596956397,1613405
2025-10-31,1.1776811833744223,0.366021185,2.724569453,1639231
2025-11-01,0.95804723100263345,0.145809464,3.087361452,1360364
2025-11-02,0.86720950236112526,0.201969107,2.271154239,1440048
2025-11-03,2.3076342552095208,1.093192091,8.578326376,1582519
2025-11-04,4.3284284914633808,2.160836923,14.331711122,1613463
2025-11-05,1.6814870694952435,1,3.519784229,1575784
2025-11-06,4.1356492954318984,1.30109077,11.925707741,1649380
2025-11-07,2.3483284310089965,1.598965007,5.104051298,1586398
2025-11-08,0.877634697664409,0.227140971,2.241959592,1491639
2025-11-09,0.85291010383998522,0.142933072,2.138270981,1458302
2025-11-10,1.2937386277630551,0.5,3.272490484,1575024
2025-11-11,1.1951088820418689,0.383486451,3.020044927,1526371
2025-11-12,1.1702594136133402,0.303292332,3.121510126,1455050
2025-11-13,1.6155062872039552,0.865023863,4.146370933,1519021
2025-11-14,1.69883673033084,0.847629228,4.271034168,1604455
2025-11-15,0.79609091071339588,0.124614072,2.098359674,1484873
2025-11-16,1.0688573188131953,0.193367232,2.584514135,1373141
2025-11-17,1.5088073886226452,0.720818571,3.831367817,1516435
2025-11-18,1.2885642319438508,0.581453048,3.130365026,1518529
2025-11-19,1.4413162813577365,0.635585281,3.835834553,1569897
2025-11-20,1.8426101669600874,1,5.131116638,1594628
2025-11-21,2.5356728832802866,1.440709894,7.153140665,1533133
2025-11-22,0.924448523488105,0.154541571,2.165745766,1353840
2025-11-23,0.81883978070156349,0.12783733,2.110007672,1268889
2025-11-24,1.1000167949262163,0.449902473,2.865867418,1434689
2025-11-25,1.1394509303764588,0.30215597,3.368611637,1598545
2025-11-26,0.86343341110312222,0.106043105,2.168605732,1660505
2025-11-27,0.67634518202742921,0.066946233,2.060351817,1892795
2025-11-28,0.77805156444635792,0.134256819,2.145282054,1689025
2025-11-29,0.68383783777592155,0.053782842,2.04603066,1364687
2025-11-30,0.678234758691158,0.053363585,2.049629096,1380993
2025-12-01,0.9907680790347716,0.236512282,2.952112029,1846657
2025-12-02,0.79625499948931611,0.134679126,2.27813043,1804162
2025-12-03,0.71310035960560081,0.062429475,2.049249812,1852396
2025-12-04,0.79427366257129017,0.065992215,2.061747267,1713350
2025-12-05,0.681843605060249,0.065370612,2.084537568,1708608
2025-12-06,0.60973938939804662,0.034116115,2.029918259,1444550
2025-12-07,1.0633557979072612,0.472284626,2.493132712,1124281
2025-12-08,1.0848945860731267,0.423749856,2.40831079,1306645
2025-12-09,1.0939462251672554,0.327355166,2.727101294,1463824
2025-12-10,0.87760840521539,0.2250775,2.22127692,1602340
2025-12-11,0.84359355487103083,0.173959438,2.215491093,1611771
2025-12-12,0.83265631439493271,0.130894492,2.209581564,1458943
2025-12-13,0.72333497578858208,0.061336773,2.057446636,1283192
2025-12-14,0.71896666405648424,0.062575262,2.055079339,1197528
2025-12-15,0.83357113294414042,0.14432048,2.37666661,1559887
2025-12-16,0.71166985147662709,0.077420511,2.120574928,1645312
2025-12-17,0.74930751832385778,0.090177044,2.235842504,1644033
2025-12-18,0.83490641480768113,0.082141416,2.173389821,1703217
2025-12-19,0.75439904488754139,0.126041886,2.343628258,1693722
2025-12-20,0.5289595313786043,0.034160994,2.027914751,1617520
2025-12-21,0.51175954139351243,0.037668588,2.030566862,1552206
2025-12-22,0.58142191982997771,0.04729004,2.042909919,1788353
2025-12-23,0.56277345189325167,0.056278213,2.055969722,1913481
2025-12-24,0.57172972723527571,0.043463495,2.038034219,1875438
2025-12-25,0.53207185104584254,0.042112586,2.037269622,1578577
2025-12-26,0.59160645657803723,0.048277132,2.052858581,1732102
2025-12-27,0.49741922817713236,0.038864979,2.033104572,1643744
2025-12-28,0.52842641630039766,0.038343756,2.032757733,1621715
2025-12-29,0.53062276892914806,0.09620481,2.081433283,2230801
2025-12-30,0.5845390370139113,0.099091337,2.094211295,2122776
2025-12-31,0.550059939743437,0.107870594,2.082784286,2130049
2026-01-01,0.46967337320817287,0.060221006,2.045619318,1941246
2026-01-02,0.59043462694042426,0.109628157,2.118720965,1987000
2026-01-03,0.46191316187669512,0.065638894,2.053126688,2020414
2026-01-04,0.52653023957754908,0.063316398,2.055950681,1727390
2026-01-05,0.69547230854175435,0.135202231,2.171777296,2084513
2026-01-06,0.80063688885536344,0.178246547,2.570682076,2008996
2026-01-07,0.60081641075101344,0.114806844,2.12187828,2030046
2026-01-08,0.69053264846325069,0.104388978,2.123097757,2060683
2026-01-09,0.52225551483987354,0.072893293,2.072889531,2086825
2026-01-10,0.43401893372921763,0.038374016,2.033788416,1891622
2026-01-11,0.48757318811627992,0.040445076,2.034078714,1819598
2026-01-12,0.50823654616575187,0.069349813,2.068996884,2164623
2026-01-13,0.5563229148725195,0.097345022,2.100272308,2319935
2026-01-14,0.56584697514193449,0.11565693,2.117403255,2595176
2026-01-15,0.534491165936077,0.139074067,2.143822668,2812123
2026-01-16,0.3671941750807749,0.049729231,2.041570982,2885524
2026-01-17,0.35925307608225049,0.039355119,2.033148113,2398473
2026-01-18,0.48168323187477807,0.036161259,2.030928673,1920802
2026-01-19,0.45979638708736015,0.060458307,2.056308201,2528438
2026-01-20,0.58484762760437536,0.099626044,2.129873293,2288096
2026-01-21,0.64930874090893154,0.13350499,2.259180651,2473536
2026-01-22,0.54713304119511585,0.076819378,2.108528591,2372922
2026-01-23,0.47163969196320132,0.085827742,2.085435528,2531327
2026-01-24,0.431749268186633,0.055938721,2.048334306,2268230
2026-01-25,0.50240526583387957,0.063640935,2.07058838,2181909
2026-01-26,0.56984413097938413,0.101953767,2.135121868,2362952
2026-01-27,0.47862804206831155,0.093210993,2.098403243,2558259
2026-01-28,0.53786893111040779,0.114408721,2.11108241,2726585
2026-01-29,0.87388863184559906,0.115159282,3.771583641,2625095
2026-01-30,1.1674569628475679,0.282686376,3.876775253,2290086
2026-01-31,2.4095068031641755,0.221393711,10.176638457,2047319
