hook,scenario,description,gas_with_hook,gas_no_hook,overhead_gas,extra_tx_gas,extra_tx_usd_median,usd_per_gas_median,contracts_commit
block_scoped,first_ever,"first swap the pool ever sees (hook slots and pool fee growth zero -> nonzero), no charge",243501,131760,111741,264501.0,0.144132,5.449205675565401e-07,ff69c37737e1645df8be9f1326d66cfe883dae34
block_scoped,new_block,"first swap of a block, earlier block had a scope, oracle price moved, no charge",143377,100036,43341,164377.0,0.089572,5.449205675565401e-07,ff69c37737e1645df8be9f1326d66cfe883dae34
block_scoped,second_tx,"first swap of a 2nd transaction in the same block, no charge",125949,100036,25913,146949.0,0.080076,5.449205675565401e-07,ff69c37737e1645df8be9f1326d66cfe883dae34
block_scoped,first_in_multi_tx,"1st swap of a two-swap transaction in a new block, no charge",143499,100158,43341,164499.0,0.089639,5.449205675565401e-07,ff69c37737e1645df8be9f1326d66cfe883dae34
block_scoped,second_in_tx,"2nd swap of that transaction, no charge",64615,55323,9292,,,5.449205675565401e-07,ff69c37737e1645df8be9f1326d66cfe883dae34
block_scoped,charged,"new_block with a positive settled charge, vault already holds the token",157013,100036,56977,178013.0,0.097003,5.449205675565401e-07,ff69c37737e1645df8be9f1326d66cfe883dae34
block_scoped,charged_vault_empty,"new_block with a positive settled charge, vault holds none of the token (balance 0 -> nonzero)",174113,100036,74077,195113.0,0.106321,5.449205675565401e-07,ff69c37737e1645df8be9f1326d66cfe883dae34
block_scoped,charged_second_tx,"charged first swap of a 2nd transaction in the same block, vault holds the token",142484,100036,42448,163484.0,0.089086,5.449205675565401e-07,ff69c37737e1645df8be9f1326d66cfe883dae34
block_scoped,charged_first_ever,"first swap the pool ever sees, charged, vault empty (conditions of HookGasSettled)",274224,131760,142464,295224.0,0.160874,5.449205675565401e-07,ff69c37737e1645df8be9f1326d66cfe883dae34
block_scoped,invalid,"new_block with a stale oracle: no scope, charge 0",120207,100036,20171,141207.0,0.076947,5.449205675565401e-07,ff69c37737e1645df8be9f1326d66cfe883dae34
block_scoped,invalid_first_in_multi_tx,"1st swap of a two-swap transaction, stale oracle",120329,100158,20171,141329.0,0.077013,5.449205675565401e-07,ff69c37737e1645df8be9f1326d66cfe883dae34
block_scoped,invalid_second_in_tx,"2nd swap of that transaction, stale oracle",62494,55323,7171,,,5.449205675565401e-07,ff69c37737e1645df8be9f1326d66cfe883dae34
block_scoped,charged_after_other_tx,"charged transaction after another sender's uncharged transaction in the same block (V1: folds the earlier transaction), vault holds the token",142497,100036,42461,163497.0,0.089093,5.449205675565401e-07,ff69c37737e1645df8be9f1326d66cfe883dae34
tx_scoped,first_ever,"first swap the pool ever sees (hook slots and pool fee growth zero -> nonzero), no charge",161974,131760,30214,182974.0,0.099706,5.449205675565401e-07,ff69c37737e1645df8be9f1326d66cfe883dae34
tx_scoped,new_block,"first swap of a block, earlier block had a scope, oracle price moved, no charge",130250,100036,30214,151250.0,0.082419,5.449205675565401e-07,ff69c37737e1645df8be9f1326d66cfe883dae34
tx_scoped,second_tx,"first swap of a 2nd transaction in the same block, no charge",130250,100036,30214,151250.0,0.082419,5.449205675565401e-07,ff69c37737e1645df8be9f1326d66cfe883dae34
tx_scoped,first_in_multi_tx,"1st swap of a two-swap transaction in a new block, no charge",130372,100158,30214,151372.0,0.082486,5.449205675565401e-07,ff69c37737e1645df8be9f1326d66cfe883dae34
tx_scoped,second_in_tx,"2nd swap of that transaction, no charge",69146,55323,13823,,,5.449205675565401e-07,ff69c37737e1645df8be9f1326d66cfe883dae34
tx_scoped,charged,"new_block with a positive settled charge, vault already holds the token",144743,100036,44707,165743.0,0.090317,5.449205675565401e-07,ff69c37737e1645df8be9f1326d66cfe883dae34
tx_scoped,charged_vault_empty,"new_block with a positive settled charge, vault holds none of the token (balance 0 -> nonzero)",161843,100036,61807,182843.0,0.099635,5.449205675565401e-07,ff69c37737e1645df8be9f1326d66cfe883dae34
tx_scoped,charged_second_tx,"charged first swap of a 2nd transaction in the same block, vault holds the token",144743,100036,44707,165743.0,0.090317,5.449205675565401e-07,ff69c37737e1645df8be9f1326d66cfe883dae34
tx_scoped,charged_first_ever,"first swap the pool ever sees, charged, vault empty (conditions of HookGasSettled)",193567,131760,61807,214567.0,0.116922,5.449205675565401e-07,ff69c37737e1645df8be9f1326d66cfe883dae34
tx_scoped,invalid,"new_block with a stale oracle: no scope, charge 0",123285,100036,23249,144285.0,0.078624,5.449205675565401e-07,ff69c37737e1645df8be9f1326d66cfe883dae34
tx_scoped,invalid_first_in_multi_tx,"1st swap of a two-swap transaction, stale oracle",123407,100158,23249,144407.0,0.07869,5.449205675565401e-07,ff69c37737e1645df8be9f1326d66cfe883dae34
tx_scoped,invalid_second_in_tx,"2nd swap of that transaction, stale oracle",61101,55323,5778,,,5.449205675565401e-07,ff69c37737e1645df8be9f1326d66cfe883dae34
tx_scoped,charged_after_other_tx,"charged transaction after another sender's uncharged transaction in the same block (V1: folds the earlier transaction), vault holds the token",144743,100036,44707,165743.0,0.090317,5.449205675565401e-07,ff69c37737e1645df8be9f1326d66cfe883dae34
no_hook,first_ever,"first swap the pool ever sees (hook slots and pool fee growth zero -> nonzero), no charge",131760,131760,0,152760.0,0.083242,5.449205675565401e-07,ff69c37737e1645df8be9f1326d66cfe883dae34
no_hook,new_block,"first swap of a block, earlier block had a scope, oracle price moved, no charge",100036,100036,0,121036.0,0.065955,5.449205675565401e-07,ff69c37737e1645df8be9f1326d66cfe883dae34
no_hook,second_tx,"first swap of a 2nd transaction in the same block, no charge",100036,100036,0,121036.0,0.065955,5.449205675565401e-07,ff69c37737e1645df8be9f1326d66cfe883dae34
no_hook,first_in_multi_tx,"1st swap of a two-swap transaction in a new block, no charge",100158,100158,0,121158.0,0.066021,5.449205675565401e-07,ff69c37737e1645df8be9f1326d66cfe883dae34
no_hook,second_in_tx,"2nd swap of that transaction, no charge",55323,55323,0,,,5.449205675565401e-07,ff69c37737e1645df8be9f1326d66cfe883dae34
no_hook,charged,"new_block with a positive settled charge, vault already holds the token",100036,100036,0,121036.0,0.065955,5.449205675565401e-07,ff69c37737e1645df8be9f1326d66cfe883dae34
no_hook,charged_vault_empty,"new_block with a positive settled charge, vault holds none of the token (balance 0 -> nonzero)",100036,100036,0,121036.0,0.065955,5.449205675565401e-07,ff69c37737e1645df8be9f1326d66cfe883dae34
no_hook,charged_second_tx,"charged first swap of a 2nd transaction in the same block, vault holds the token",100036,100036,0,121036.0,0.065955,5.449205675565401e-07,ff69c37737e1645df8be9f1326d66cfe883dae34
no_hook,charged_first_ever,"first swap the pool ever sees, charged, vault empty (conditions of HookGasSettled)",131760,131760,0,152760.0,0.083242,5.449205675565401e-07,ff69c37737e1645df8be9f1326d66cfe883dae34
no_hook,invalid,"new_block with a stale oracle: no scope, charge 0",100036,100036,0,121036.0,0.065955,5.449205675565401e-07,ff69c37737e1645df8be9f1326d66cfe883dae34
no_hook,invalid_first_in_multi_tx,"1st swap of a two-swap transaction, stale oracle",100158,100158,0,121158.0,0.066021,5.449205675565401e-07,ff69c37737e1645df8be9f1326d66cfe883dae34
no_hook,invalid_second_in_tx,"2nd swap of that transaction, stale oracle",55323,55323,0,,,5.449205675565401e-07,ff69c37737e1645df8be9f1326d66cfe883dae34
no_hook,charged_after_other_tx,"charged transaction after another sender's uncharged transaction in the same block (V1: folds the earlier transaction), vault holds the token",100036,100036,0,121036.0,0.065955,5.449205675565401e-07,ff69c37737e1645df8be9f1326d66cfe883dae34
