citation,cited_in,resolution,path,sha256,bytes,modified_utc,producing_commit,commit_source,note
results/e2,main-sigmetrics.tex,directory,,,,,,,
results/e8/tables/,main-sigmetrics.tex,directory,,,,,,,
results/e8/tables/e8_summary_test_lag{1,main-sigmetrics.tex,"template, not resolved",,,,,,,
results/eA/,NOTES/2026-09-30_number_sources.md,directory,,,,,,,
results/DECISIONS.md,paper/section5_evaluation.tex,,results/DECISIONS.md,bd8a0346503282b67c45016be1c922a6f8b1f27d350c1e94f8435c777ee83667,39146,2026-10-04T04:58:19Z,,document,not a result file
results/data_qc.md,main-sigmetrics.tex; paper/appendix_evaluation.tex; paper/section5_evaluation.tex,,results/data_qc.md,f068a1d61e1d967cce1db2fa2ff8175cbc09fb497b4e7d679a82e598e38036ab,2375,2026-10-01T16:30:16Z,,document,not a result file
manifest.json,NOTES/2026-09-30_number_sources.md,"bare name, 11 candidates",results/e1/manifest.json,8e2d031cc8691821142cdcc24a238c437e7984c3db55091a4eb2ad9fad9b0548,2446,2026-10-01T18:11:23Z,2f994c9fa5fb9b497c25c0fb32d0a9a10905af22+dirty,manifest_self,
results/e1/tables/e1_chain_integrity.csv,main-sigmetrics.tex; paper/appendix_evaluation.tex; paper/section5_evaluation.tex,,results/e1/tables/e1_chain_integrity.csv,176d501f68c38364062f5a5eaacfe27b5fd7b98bdebc3253b270eddb506784e9,360,2026-10-01T18:11:19Z,2f994c9fa5fb9b497c25c0fb32d0a9a10905af22+dirty,manifest_latest,results/e1/manifest.json
results/e1/tables/e1_error_by_quartile_test.csv,main-sigmetrics.tex; paper/appendix_evaluation.tex; paper/section5_evaluation.tex,,results/e1/tables/e1_error_by_quartile_test.csv,d965cdc6affb26579fb456baee2b81ed3945fdef01ccaf8138be4ce8175271b6,6312,2026-10-01T18:11:19Z,2f994c9fa5fb9b497c25c0fb32d0a9a10905af22+dirty,manifest_split,results/e1/manifest.json
manifest.json,NOTES/2026-09-30_number_sources.md,"bare name, 11 candidates",results/e2/manifest.json,96db6a58945f12602b1d330cf9806428b12c7a2705d5ff7256452784e9c7793a,2293,2026-10-01T18:34:56Z,2f994c9fa5fb9b497c25c0fb32d0a9a10905af22+dirty,manifest_self,
results/e2/manifest_test_lag0_med.json,main-sigmetrics.tex,,results/e2/manifest_test_lag0_med.json,7cbc45d26109275713b42c7cb7008ec1e83e15fe6245c2daa450fd7145e35c24,2302,2026-10-01T18:18:48Z,2f994c9fa5fb9b497c25c0fb32d0a9a10905af22+dirty,manifest_self,
e2_bootstrap_test_lag1_k15_med.csv,paper/section5_evaluation.tex,bare name,results/e2/tables/e2_bootstrap_test_lag1_k15_med.csv,5923b1b78a50906357094d66ee4b49c5087cd805e65a1d87c9d5781b947c4672,13825,2026-10-01T18:34:59Z,2f994c9fa5fb9b497c25c0fb32d0a9a10905af22+dirty,manifest_tag,results/e2/manifest_test_lag1_k15_med.json
e2_bootstrap_test_lag1_k5_med.csv,paper/section5_evaluation.tex,bare name,results/e2/tables/e2_bootstrap_test_lag1_k5_med.csv,21d19c59cd046f0888a2a7f7c099d2341882d0008167def5c6127ce47860eb12,13834,2026-10-01T18:35:00Z,2f994c9fa5fb9b497c25c0fb32d0a9a10905af22+dirty,manifest_tag,results/e2/manifest_test_lag1_k5_med.json
e2_bootstrap_test_lag5_k15_med.csv,paper/section5_evaluation.tex,bare name,results/e2/tables/e2_bootstrap_test_lag5_k15_med.csv,98678705f83dfc8148eb53ba2b241ffdbabf8dd7b77d768e5d1c7c7da051ccdb,13792,2026-10-01T18:34:59Z,2f994c9fa5fb9b497c25c0fb32d0a9a10905af22+dirty,manifest_tag,results/e2/manifest_test_lag5_k15_med.json
results/e2/tables/e2_bootstrap_test_lag5_med.csv,paper/section5_evaluation.tex,,results/e2/tables/e2_bootstrap_test_lag5_med.csv,ad2fa9da7b75a016cb0892a30eeb7ae7de1c35c57b27f59128fbef1a043f45a4,13483,2026-10-01T18:34:59Z,2f994c9fa5fb9b497c25c0fb32d0a9a10905af22+dirty,manifest_tag,results/e2/manifest_test_lag5_med.json
results/e2/tables/e2_headline_test.csv,main-sigmetrics.tex; paper/section5_evaluation.tex,,results/e2/tables/e2_headline_test.csv,4773685d6081805ad28de377d79cc0b4acbd887efd1ecc4c2e7074e5514bd85e,11195,2026-10-01T18:34:55Z,2f994c9fa5fb9b497c25c0fb32d0a9a10905af22+dirty,manifest_tag,results/e2/manifest_test.json
results/e2/tables/e2_hook_gas_test_lag0_med.csv,main-sigmetrics.tex,,results/e2/tables/e2_hook_gas_test_lag0_med.csv,0563d576a5638597e3905b39883bf16b024799d3c1d809ddb010cdc5d2f3f692,1881,2026-10-01T18:35:45Z,2f994c9fa5fb9b497c25c0fb32d0a9a10905af22+dirty,manifest_tag,results/e2/manifest_hook_gas_test_lag0_med.json
results/e2/tables/e2_r_scenarios_test_all_pools.csv,main-sigmetrics.tex,,results/e2/tables/e2_r_scenarios_test_all_pools.csv,eb4aed4cefa2bfa93da52906964daf8339235fc9abff782594e67a76dc5a5fe9,10544,2026-10-01T18:35:46Z,2f994c9fa5fb9b497c25c0fb32d0a9a10905af22+dirty,manifest_tag,results/e2/manifest_r_scenarios_test.json
results/e2/tables/e2_recoverable_margin_test.csv,main-sigmetrics.tex,,results/e2/tables/e2_recoverable_margin_test.csv,55ce30f910ba13025afdfd79d6e4f9f5814d18f042ad59665d4bd634851f3fc8,13536,2026-10-01T18:35:00Z,2f994c9fa5fb9b497c25c0fb32d0a9a10905af22+dirty,manifest_tag,results/e2/manifest_recoverable_margin_test.json
results/e3/figures/e3_frontier_mean_primary_test.pdf,paper/section5_evaluation.tex,,results/e3/figures/e3_frontier_mean_primary_test.pdf,8099c97d17de602cd49e4c70ea20162d6078fada11589743396b109c0a049d54,72983,2026-10-01T18:36:09Z,,unknown,
results/e3/figures/e3_lp_vs_hodl_test.pdf,paper/section5_evaluation.tex,,results/e3/figures/e3_lp_vs_hodl_test.pdf,6a7fe927d0a1a5f8a170d1bc62dd41f7280625ffbfb99b8ed7b5d6d03bc44c38,55096,2026-10-01T18:36:14Z,,unknown,
results/e4/e4_summary_test.csv,main-sigmetrics.tex; paper/section5_evaluation.tex,,results/e4/e4_summary_test.csv,de87dd9d251ff0d0ec0b50c4d46a4cda937c029460c52fa26f1504bbf19c185d,734856,2026-10-01T18:14:12Z,2f994c9fa5fb9b497c25c0fb32d0a9a10905af22+dirty,manifest_split,results/e4/manifest.json
results/e4/figures/e4_cadence_test.pdf,paper/section5_evaluation.tex,,results/e4/figures/e4_cadence_test.pdf,bbb1b59e5304545e38f14e6dfbd3b1b362208191832265d4df96abba4452ec79,54425,2026-10-01T18:38:56Z,2f994c9fa5fb9b497c25c0fb32d0a9a10905af22+dirty,manifest_split,results/e4/manifest.json
results/e4/figures/e4_delay_test.pdf,paper/section5_evaluation.tex,,results/e4/figures/e4_delay_test.pdf,8b2753a31c26a4714c7b91116acf7af637d652f91be4b02b830049560af7a7d1,65374,2026-10-01T18:38:55Z,2f994c9fa5fb9b497c25c0fb32d0a9a10905af22+dirty,manifest_split,results/e4/manifest.json
results/e4/figures/e4_eta_d5_test.pdf,paper/section5_evaluation.tex,,results/e4/figures/e4_eta_d5_test.pdf,34d7d8f83e9889d7a28cb965a418ed00fec4fe63db1ac72cc9c7d3cd162272ed,57085,2026-10-01T18:38:56Z,2f994c9fa5fb9b497c25c0fb32d0a9a10905af22+dirty,manifest_split,results/e4/manifest.json
manifest.json,NOTES/2026-09-30_number_sources.md,"bare name, 11 candidates",results/e4/manifest.json,8185241bb2e49c0862c026caea97f86a6f33d2c064b46c3c1ed37b452943d943,2187,2026-10-01T18:14:18Z,2f994c9fa5fb9b497c25c0fb32d0a9a10905af22+dirty,manifest_self,
results/e4/tables/e4_eps_test.csv,paper/section5_evaluation.tex,,results/e4/tables/e4_eps_test.csv,5e9179253f3016bb2e6ef438eb31a1fe1eb9e0a459952949ad1e9f6d1b537b24,12018,2026-10-01T18:14:12Z,2f994c9fa5fb9b497c25c0fb32d0a9a10905af22+dirty,manifest_split,results/e4/manifest.json
results/e5/figures/e5_qratio_vs_gamma.pdf,paper/section5_evaluation.tex,,results/e5/figures/e5_qratio_vs_gamma.pdf,65fbbd61a5703782809bbe508e2d66d61c489cb1253dad28f15e4cc156f4669f,48950,2026-10-01T18:38:57Z,2f994c9fa5fb9b497c25c0fb32d0a9a10905af22+dirty,manifest_latest,results/e5/manifest.json
results/e5/figures/e5_qratio_vs_lambda.pdf,paper/section5_evaluation.tex,,results/e5/figures/e5_qratio_vs_lambda.pdf,99fa2a391952ccd844abee0b13a0061b4996c288953adc65bb57b92a28d59203,48454,2026-10-01T18:39:01Z,2f994c9fa5fb9b497c25c0fb32d0a9a10905af22+dirty,manifest_latest,results/e5/manifest.json
manifest.json,NOTES/2026-09-30_number_sources.md,"bare name, 11 candidates",results/e5/manifest.json,56ec4a29898a87b826c3eba8b9a106046ead560acc8c301d0c8a8ec56c841825,2219,2026-10-01T16:42:41Z,2f994c9fa5fb9b497c25c0fb32d0a9a10905af22+dirty,manifest_self,
results/e5/tables/e5_slice_gas150k_5bps_curv0.5.csv,paper/section5_evaluation.tex,,results/e5/tables/e5_slice_gas150k_5bps_curv0.5.csv,e9269c5a65abaea2a4fedaec8b5f55951e1058a389fe40488f1e2803d74bf916,8904,2026-10-01T16:42:41Z,2f994c9fa5fb9b497c25c0fb32d0a9a10905af22+dirty,manifest_latest,results/e5/manifest.json
manifest.json,NOTES/2026-09-30_number_sources.md,"bare name, 11 candidates",results/e6/manifest.json,4916fc1ac080963239d6314ecc72fac44fc561c69c204eb322021a711c401ef7,2245,2026-10-01T18:16:13Z,2f994c9fa5fb9b497c25c0fb32d0a9a10905af22+dirty,manifest_self,
results/e6/tables/e6_checks_test.csv,NOTES/2026-09-30_number_sources.md; paper/section5_evaluation.tex,,results/e6/tables/e6_checks_test.csv,7e52d58c19a7e96724e74b507a97582d08f059f71ebf870930f829896cd18c24,2790,2026-10-01T18:16:13Z,2f994c9fa5fb9b497c25c0fb32d0a9a10905af22+dirty,manifest_latest,results/e6/manifest.json
results/e6/tables/e6_cross_tx_split_test.csv,NOTES/2026-09-30_number_sources.md,,results/e6/tables/e6_cross_tx_split_test.csv,b20120dfb4fcf6093a1078518cc378eb42f36d9d71057f666847aec43a946036,713,2026-10-01T18:35:35Z,2f994c9fa5fb9b497c25c0fb32d0a9a10905af22+dirty,manifest_tag,results/e6/manifest_cross_tx_split_test.json
results/e6/tables/e6_opportunities_test.csv,paper/section5_evaluation.tex,,results/e6/tables/e6_opportunities_test.csv,d0cbe9bf78ef8c59ec76e0241839628328976e534afcffcca0e5f06c50ff6aae,376,2026-10-01T18:16:13Z,2f994c9fa5fb9b497c25c0fb32d0a9a10905af22+dirty,manifest_latest,results/e6/manifest.json
results/e7/gas_contract_8ca840a/gas_profile.json,NOTES/2026-09-30_number_sources.md,,results/e7/gas_contract_8ca840a/gas_profile.json,597046adb31134a9bb042ee1ce7aecc58a0a2b612aff0363e1506c798d5484f9,1055,2026-09-30T12:26:31Z,8ca840a,dir_name,
results/e7/gas_contract_8ca840a/hook_gas_isolated.csv,NOTES/2026-09-30_number_sources.md,,results/e7/gas_contract_8ca840a/hook_gas_isolated.csv,222cb0cde8d3c8141d24c7fa6ebd45d7468a0151aefd628d66a188fd23f2a52a,883,2026-09-30T12:26:31Z,8ca840a,dir_name,
hook_gas_settled.csv,NOTES/2026-09-30_number_sources.md,"bare name, 1 candidates",results/e7/gas_contract_8ca840a/hook_gas_settled.csv,5a3f4bc94e72c246d42e32af36813a185720de053a6d0fd57353ef56b8eb9dd6,100,2026-09-30T12:36:26Z,8ca840a,dir_name,
results/e7/gas_contract_8ca840a/hook_gas_settled.csv,NOTES/2026-09-30_number_sources.md,,results/e7/gas_contract_8ca840a/hook_gas_settled.csv,5a3f4bc94e72c246d42e32af36813a185720de053a6d0fd57353ef56b8eb9dd6,100,2026-09-30T12:36:26Z,8ca840a,dir_name,
results/e7/gas_contract_8ca840a/tables/e7_gas_isolated.csv,NOTES/2026-09-30_number_sources.md,,results/e7/gas_contract_8ca840a/tables/e7_gas_isolated.csv,2d389eb9a3603aec78fd0a9b0e3c29d992bc68b9ad088b0526a2727cba475f66,240,2026-09-30T12:26:31Z,8ca840a,dir_name,
results/e7/gas_profile.json,paper/section5_evaluation.tex,,results/e7/gas_profile.json,597046adb31134a9bb042ee1ce7aecc58a0a2b612aff0363e1506c798d5484f9,1055,2026-10-01T16:41:42Z,2f994c9fa5fb9b497c25c0fb32d0a9a10905af22+dirty,manifest_latest,results/e7/manifest.json
hook_gas_isolated.csv,NOTES/2026-09-30_number_sources.md,bare name,results/e7/hook_gas_isolated.csv,222cb0cde8d3c8141d24c7fa6ebd45d7468a0151aefd628d66a188fd23f2a52a,883,2026-10-01T16:41:42Z,2f994c9fa5fb9b497c25c0fb32d0a9a10905af22+dirty,manifest_latest,results/e7/manifest.json
results/e7/hook_gas_isolated.csv,NOTES/2026-09-30_number_sources.md,,results/e7/hook_gas_isolated.csv,222cb0cde8d3c8141d24c7fa6ebd45d7468a0151aefd628d66a188fd23f2a52a,883,2026-10-01T16:41:42Z,2f994c9fa5fb9b497c25c0fb32d0a9a10905af22+dirty,manifest_latest,results/e7/manifest.json
manifest.json,NOTES/2026-09-30_number_sources.md,"bare name, 11 candidates",results/e7/manifest.json,58f344952c1b0cb3b4e2a3ecd62451a196b3fae75309cea30477b8bde1e91b23,2187,2026-10-01T18:12:51Z,2f994c9fa5fb9b497c25c0fb32d0a9a10905af22+dirty,manifest_self,
results/e7/smin_formula.txt,NOTES/2026-09-30_number_sources.md,,results/e7/smin_formula.txt,090e2c77a093bedb2136f925cba21150784556b418e86cb452e7faae5d8ce1a9,281,2026-10-01T18:12:51Z,2f994c9fa5fb9b497c25c0fb32d0a9a10905af22+dirty,manifest_latest,results/e7/manifest.json
results/e7/tables/e7_conformance.csv,paper/section5_evaluation.tex,,results/e7/tables/e7_conformance.csv,099c179f1561062c60301492a3a7d88be411367588c601944bedd090d1d67789,232,2026-10-01T16:41:42Z,2f994c9fa5fb9b497c25c0fb32d0a9a10905af22+dirty,manifest_latest,results/e7/manifest.json
results/e7/tables/e7_gas_cumulative_core.csv,paper/section5_evaluation.tex,,results/e7/tables/e7_gas_cumulative_core.csv,24253356158f2d2f1c3bafdaf5e50adbfefec4e85690047b2c82d5c0daef8212,753,2026-10-01T16:41:42Z,2f994c9fa5fb9b497c25c0fb32d0a9a10905af22+dirty,manifest_latest,results/e7/manifest.json
results/e7/tables/e7_gas_isolated.csv,paper/section5_evaluation.tex,,results/e7/tables/e7_gas_isolated.csv,2d389eb9a3603aec78fd0a9b0e3c29d992bc68b9ad088b0526a2727cba475f66,240,2026-10-01T16:41:42Z,2f994c9fa5fb9b497c25c0fb32d0a9a10905af22+dirty,manifest_latest,results/e7/manifest.json
e7_smin_gas_conditions.csv,NOTES/2026-09-30_number_sources.md,bare name,results/e7/tables/e7_smin_gas_conditions.csv,14476e90d70670babb016c8cd09d70547f897021d7cf7cafbbf87fa4a8db7777,1936,2026-10-01T18:12:51Z,2f994c9fa5fb9b497c25c0fb32d0a9a10905af22+dirty,manifest_latest,results/e7/manifest.json
results/e7/tables/e7_smin_gas_conditions.csv,NOTES/2026-09-30_number_sources.md,,results/e7/tables/e7_smin_gas_conditions.csv,14476e90d70670babb016c8cd09d70547f897021d7cf7cafbbf87fa4a8db7777,1936,2026-10-01T18:12:51Z,2f994c9fa5fb9b497c25c0fb32d0a9a10905af22+dirty,manifest_latest,results/e7/manifest.json
e7_smin_share_test.csv,NOTES/2026-09-30_number_sources.md,bare name,results/e7/tables/e7_smin_share_test.csv,c4c33fd2a273ee028724479a3aa1a4797a298c0bd2835c07d165c852fd4584ca,408,2026-10-01T18:12:51Z,2f994c9fa5fb9b497c25c0fb32d0a9a10905af22+dirty,manifest_split,results/e7/manifest.json
results/e7/tables/e7_smin_share_test.csv,paper/section5_evaluation.tex,,results/e7/tables/e7_smin_share_test.csv,c4c33fd2a273ee028724479a3aa1a4797a298c0bd2835c07d165c852fd4584ca,408,2026-10-01T18:12:51Z,2f994c9fa5fb9b497c25c0fb32d0a9a10905af22+dirty,manifest_split,results/e7/manifest.json
manifest.json,NOTES/2026-09-30_number_sources.md,"bare name, 11 candidates",results/e7_block_scope/manifest.json,57bdd807dab4834e1f72caeb683ca8e847b3fdab3454d46b3c9ca68b274dfd6c,858,2026-10-06T20:41:40Z,,manifest_self,
results/e8/dynfee_calibration.json,main-sigmetrics.tex,,results/e8/dynfee_calibration.json,65867855a47cc58211122dd994df06f3376668f42f171cd2c339f789dcc61e86,5804,2026-10-02T12:47:22Z,2f994c9fa5fb9b497c25c0fb32d0a9a10905af22+dirty,manifest_latest,results/e8/manifest.json
manifest.json,NOTES/2026-09-30_number_sources.md,"bare name, 11 candidates",results/e8/manifest.json,354497773e50de89963ff370287b0e408c242bb12d50bccc8a7e62736f2d51a5,2366,2026-10-02T13:30:16Z,2f994c9fa5fb9b497c25c0fb32d0a9a10905af22+dirty,manifest_self,
results/e8/tables/e8_bootstrap_test.csv,main-sigmetrics.tex,,results/e8/tables/e8_bootstrap_test.csv,f1a0de83a48a37847e5ecdcfcd78efd0615fa6dd4a11d92086a2f9f8c57fc3e8,110715,2026-10-02T13:17:35Z,2f994c9fa5fb9b497c25c0fb32d0a9a10905af22+dirty,manifest_tag,results/e8/manifest_test.json
results/e8/tables/e8_summary_test.csv,main-sigmetrics.tex,,results/e8/tables/e8_summary_test.csv,ba26dec43b1ae5e77cff5a8a912a46e379026d7d941863264497f88df1320276,44454,2026-10-02T13:17:35Z,2f994c9fa5fb9b497c25c0fb32d0a9a10905af22+dirty,manifest_tag,results/e8/manifest_test.json
eA_checks.csv,NOTES/2026-09-30_number_sources.md,bare name,results/eA/eA_checks.csv,1cdbef32e672881e583347bae21e6a69457301255a0d78a9362dffc40161bb03,2180,2026-10-06T17:00:47Z,2f994c9fa5fb9b497c25c0fb32d0a9a10905af22+dirty,manifest_outputs,results/eA/manifest.json
eA_fu2_block_scope.csv,NOTES/2026-09-30_number_sources.md,bare name,results/eA/eA_fu2_block_scope.csv,5ed3e74644c07d741f7632d6fe61ab9a281c3a772a428606dae885b004a79bc4,23478,2026-10-06T20:01:17Z,bfa921d6d2a88f0e9468b71dc20ba51121288554+dirty,manifest_outputs,results/eA/manifest_followup2.json
results/eA/eA_fu2_block_scope.csv,NOTES/2026-09-30_number_sources.md,,results/eA/eA_fu2_block_scope.csv,5ed3e74644c07d741f7632d6fe61ab9a281c3a772a428606dae885b004a79bc4,23478,2026-10-06T20:01:17Z,bfa921d6d2a88f0e9468b71dc20ba51121288554+dirty,manifest_outputs,results/eA/manifest_followup2.json
eA_fu_aggregation.csv,NOTES/2026-09-30_number_sources.md,bare name,results/eA/eA_fu_aggregation.csv,3fdb50ef0010a27d8c56d8e0fc6b23c35cd59dda6350be770bbdeeb03d36912f,6023,2026-10-06T17:48:44Z,2f994c9fa5fb9b497c25c0fb32d0a9a10905af22+dirty,manifest_outputs,results/eA/manifest_followup.json
results/eA/eA_fu_aggregation.csv,NOTES/2026-09-30_number_sources.md,,results/eA/eA_fu_aggregation.csv,3fdb50ef0010a27d8c56d8e0fc6b23c35cd59dda6350be770bbdeeb03d36912f,6023,2026-10-06T17:48:44Z,2f994c9fa5fb9b497c25c0fb32d0a9a10905af22+dirty,manifest_outputs,results/eA/manifest_followup.json
eA_fu_capacity_summary.csv,NOTES/2026-09-30_number_sources.md,bare name,results/eA/eA_fu_capacity_summary.csv,a87311b1b91dc9c635358fef9f04b4433f3aad07ef95c40788678fb0eaed3fe6,6555,2026-10-06T17:48:42Z,2f994c9fa5fb9b497c25c0fb32d0a9a10905af22+dirty,manifest_outputs,results/eA/manifest_followup.json
results/eA/eA_fu_capacity_summary.csv,NOTES/2026-09-30_number_sources.md,,results/eA/eA_fu_capacity_summary.csv,a87311b1b91dc9c635358fef9f04b4433f3aad07ef95c40788678fb0eaed3fe6,6555,2026-10-06T17:48:42Z,2f994c9fa5fb9b497c25c0fb32d0a9a10905af22+dirty,manifest_outputs,results/eA/manifest_followup.json
results/eA/eA_fu_part2_violation.csv,NOTES/2026-09-30_number_sources.md,,results/eA/eA_fu_part2_violation.csv,160acc74be91ea5067ed6c5fc75b08d000669e9b5b3aff3c6d82b9f6688326fa,1261,2026-10-06T17:48:45Z,2f994c9fa5fb9b497c25c0fb32d0a9a10905af22+dirty,manifest_outputs,results/eA/manifest_followup.json
eA_part1_corrections.csv.gz,NOTES/2026-09-30_number_sources.md,bare name,results/eA/eA_part1_corrections.csv.gz,f694daf24b7fe7007d8e3e60561c54bb6affecd8818747da34ddb7c12d17c0ce,1461684,2026-10-06T17:00:03Z,2f994c9fa5fb9b497c25c0fb32d0a9a10905af22+dirty,manifest_outputs,results/eA/manifest.json
results/eA/eA_part1_summary.csv,NOTES/2026-09-30_number_sources.md,,results/eA/eA_part1_summary.csv,f1f1ab9694efb904d4afea7f75db3fbe199e897850ecb2f4d840c3168ae74770,7312,2026-10-06T17:00:03Z,2f994c9fa5fb9b497c25c0fb32d0a9a10905af22+dirty,manifest_outputs,results/eA/manifest.json
results/eA/eA_part2_by_sender.csv,NOTES/2026-09-30_number_sources.md,,results/eA/eA_part2_by_sender.csv,80fe25bfbb5d8fc8c32850e8a4c787c2d3d16341feb13bfb6284382f87fb117a,4391,2026-10-06T17:00:47Z,2f994c9fa5fb9b497c25c0fb32d0a9a10905af22+dirty,manifest_outputs,results/eA/manifest.json
results/eA/eA_part2_summary.csv,NOTES/2026-09-30_number_sources.md,,results/eA/eA_part2_summary.csv,a8515b6bec2603120e603d6dc6f5a7a70bbdb5f3e4d2ffdf2336f3dabf7071f7,2854,2026-10-06T17:00:47Z,2f994c9fa5fb9b497c25c0fb32d0a9a10905af22+dirty,manifest_outputs,results/eA/manifest.json
results/eA/eA_part3_summary.csv,NOTES/2026-09-30_number_sources.md,,results/eA/eA_part3_summary.csv,14d95d1593714aae1badad5c40d485cd26ff1e4a818144b969e1b2d68fe383af,1382,2026-10-06T17:00:47Z,2f994c9fa5fb9b497c25c0fb32d0a9a10905af22+dirty,manifest_outputs,results/eA/manifest.json
manifest.json,NOTES/2026-09-30_number_sources.md,"bare name, 11 candidates",results/eA/manifest.json,f666afd127393a591ddb03a6668d5fb28d24371e84ab1bee38aa6840002a45ad,9886,2026-10-06T17:48:45Z,2f994c9fa5fb9b497c25c0fb32d0a9a10905af22+dirty,manifest_self,
results/eA/manifest.json,NOTES/2026-09-30_number_sources.md,,results/eA/manifest.json,f666afd127393a591ddb03a6668d5fb28d24371e84ab1bee38aa6840002a45ad,9886,2026-10-06T17:48:45Z,2f994c9fa5fb9b497c25c0fb32d0a9a10905af22+dirty,manifest_self,
results/eA/manifest_followup2.json,NOTES/2026-09-30_number_sources.md,,results/eA/manifest_followup2.json,7e8595a6cf87b45695ca650d475f70b15dcd028472c721f3a81215c46a4d5342,2839,2026-10-06T20:01:17Z,bfa921d6d2a88f0e9468b71dc20ba51121288554+dirty,manifest_self,
manifest.json,NOTES/2026-09-30_number_sources.md,"bare name, 11 candidates",results/eC/manifest.json,a0c91b2aa32a2c92ea287cfa3323585c11d682640098565345a638ec2fd9334f,5084,2026-10-07T12:23:11Z,e51c8c4efbebce1f5b014fbc4bee33d398bdaa61+dirty,manifest_self,
manifest.json,NOTES/2026-09-30_number_sources.md,"bare name, 11 candidates",results/fees_tvl/manifest.json,a11cd5b5d22f91235f555d811b70c9a5632dfe1a54458ed8cc43d0bd2d337e72,2452,2026-10-01T18:35:00Z,2f994c9fa5fb9b497c25c0fb32d0a9a10905af22+dirty,manifest_self,
